0,183,170,113,163,206,103,192,179,172,42,184
1,211,204,113,195,224,110,203,190,184,48,220
2,238,171,90,191,187,125,166,168,217,58,246
3,179,161,77,163,176,128,174,167,181,83,183
4,179,160,65,163,180,136,163,172,181,95,168
5,179,171,62,163,184,140,163,172,181,106,168
6,169,169,54,177,184,131,176,173,171,102,176
7,169,182,63,177,189,141,183,176,174,78,176
8,183,184,74,177,193,138,189,179,179,44,192
9,194,194,77,189,195,131,183,183,183,32,194
10,198,191,70,201,199,118,181,187,187,83,195
11,198,197,84,201,191,110,184,187,220,108,195
12,202,205,80,211,201,99,184,196,250,122,196
13,202,205,95,211,201,105,203,196,239,131,196
14,206,200,109,199,195,69,223,226,223,105,213
15,218,192,118,204,207,39,213,227,222,68,201
16,225,184,118,186,201,33,205,198,210,83,219
17,224,183,125,186,187,36,207,206,194,86,215
18,224,183,142,184,193,36,218,199,10,88,219
19,228,183,147,193,199,36,202,196,158,44,221
20,236,191,132,197,215,46,223,202,311,53,230
21,245,211,104,214,243,46,232,221,218,73,246
22,266,241,106,233,278,52,281,263,235,108,285
23,304,277,118,266,363,42,379,334,294,128,318
24,396,383,131,328,462,46,404,431,350,127,422
25,470,292,147,422,209,46,477,467,432,120,173
26,427,302,151,380,180,49,627,402,268,127,177
27,382,404,141,395,388,42,622,465,594,131,354
28,292,259,13,315,224,74,412,424,508,131,224
29,181,222,4,274,180,82,259,333,272,108,180
30,103,99,4,94,96,101,108,113,96,55,99
31,161,148,4,129,144,130,158,157,169,27,154
32,164,157,4,159,151,126,154,143,143,27,160
33,177,176,4,176,159,105,181,180,175,21,164
34,179,161,4,174,160,94,180,163,170,14,163
35,173,141,4,164,116,111,160,143,161,22,116
36,104,56,4,74,59,103,161,59,99,31,23
37,104,56,10,74,59,94,161,59,99,25,23
38,131,42,17,42,48,94,163,71,129,32,61
39,176,123,21,139,173,87,183,167,165,22,168
40,176,123,30,139,173,92,183,167,165,25,168
41,184,133,19,151,194,108,198,176,160,21,187
42,210,164,17,175,153,136,231,191,173,18,199
43,210,164,5,175,153,153,231,191,173,20,199
44,221,164,4,171,104,153,242,218,158,31,167
45,225,136,4,169,81,154,243,214,209,31,144
46,210,157,4,183,66,123,296,190,190,52,109
47,210,157,4,183,66,89,296,190,190,87,109
48,186,197,4,204,99,101,266,208,173,108,167
49,190,187,4,193,186,101,189,175,173,111,188
50,187,187,4,189,185,103,184,177,179,131,186
51,187,187,4,189,185,105,184,177,179,135,186
52,187,187,4,189,184,110,184,177,179,140,183
53,194,187,4,198,184,146,201,193,185,152,184
54,194,187,4,198,184,152,201,193,185,191,184
55,211,200,4,218,209,140,216,197,184,204,199
56,223,206,4,227,223,151,227,202,10,160,212
57,240,215,4,235,218,151,241,223,10,152,228
58,257,222,4,245,223,151,252,233,10,111,240
59,257,249,13,245,250,151,252,233,10,48,240
60,279,249,25,270,250,151,10,257,270,44,240
61,294,256,19,281,256,151,10,272,229,37,283
62,294,275,35,281,264,227,281,286,237,35,278
63,302,275,43,291,264,233,281,301,254,31,278
64,302,278,53,291,271,238,296,301,254,27,278
65,313,300,65,305,303,243,342,326,275,24,304
66,313,300,34,305,303,248,342,326,275,22,304
67,329,313,21,322,322,258,369,330,292,18,308
68,337,313,14,358,322,246,369,330,292,25,328
69,341,321,21,395,298,246,356,346,300,24,328
70,341,318,14,395,299,246,352,342,327,17,328
71,282,277,24,348,232,190,278,337,391,27,252
72,282,208,38,348,106,190,23,247,272,27,185
73,123,238,68,267,154,190,23,247,170,27,154
74,84,238,75,294,154,190,32,216,170,25,154
75,103,131,72,69,32,190,26,119,158,25,160
76,86,131,67,69,39,181,26,119,158,45,160
77,32,32,73,26,39,175,39,56,153,76,42
78,32,32,54,26,39,178,39,56,153,72,42
79,32,19,4,26,26,178,23,26,10,86,42
80,10,19,8,16,26,178,23,26,10,95,42
81,10,26,21,16,19,190,19,26,10,112,10
82,13,10,24,26,10,194,35,39,35,106,10
83,13,10,40,26,10,197,35,39,35,101,45
84,39,39,52,10,19,242,42,51,35,96,10
85,39,39,54,10,19,242,42,51,35,88,10
86,64,39,44,39,19,242,42,51,35,72,64
87,64,56,51,39,19,250,64,51,35,45,64
88,124,103,43,81,96,234,64,143,114,18,121
89,124,103,28,81,96,246,64,143,114,25,121
90,141,114,19,106,123,247,144,153,221,24,123
91,141,114,13,106,123,247,144,153,221,18,123
92,150,131,21,113,149,247,161,148,121,28,133
93,166,157,19,160,161,247,169,149,133,24,159
94,183,176,21,174,170,178,182,183,139,30,179
95,190,176,43,173,170,168,188,183,139,47,189
96,198,161,57,161,167,170,187,191,173,66,177
97,202,154,59,161,160,173,186,197,189,90,177
98,202,154,61,161,160,172,186,197,189,97,177
99,199,148,54,152,164,180,186,197,185,118,139
100,183,121,49,133,94,183,201,205,79,108,94
101,153,108,49,136,104,186,212,224,136,108,64
102,153,108,43,136,104,186,212,224,136,116,64
103,138,144,60,143,124,204,208,173,151,117,89
104,187,144,37,148,124,200,188,195,180,130,167
105,187,156,19,148,153,168,188,195,180,131,167
106,208,156,21,155,153,173,187,199,190,148,174
107,230,178,36,176,187,185,190,197,160,152,206
108,230,178,26,176,187,208,190,197,160,145,206
109,223,194,31,192,210,178,191,193,134,110,196
110,223,188,58,192,196,174,241,215,170,100,196
111,234,188,64,202,196,222,241,215,170,91,223
112,261,227,66,225,252,176,268,248,164,103,252
113,261,227,68,225,252,131,268,285,123,108,252
114,336,227,77,288,270,97,379,303,337,145,362
115,412,418,75,383,204,101,379,303,337,152,393
116,412,418,60,383,204,121,436,335,317,204,393
117,420,406,70,435,224,150,436,335,317,204,411
118,422,362,84,428,255,133,439,412,262,184,336
119,414,313,84,400,276,155,413,410,228,184,365
120,414,275,105,400,267,162,412,374,208,143,365
121,379,267,113,302,217,161,378,303,172,75,290
122,380,267,133,301,217,143,378,303,172,34,273
123,380,274,141,301,254,141,329,234,183,35,293
124,328,274,127,307,254,145,329,234,183,34,293
125,328,274,126,307,272,145,297,252,658,41,293
126,323,274,126,363,272,145,297,252,658,37,313
127,323,365,118,363,335,153,312,347,396,30,313
128,366,365,47,351,335,150,349,388,396,32,366
129,389,346,67,352,344,141,388,397,387,32,361
130,389,346,87,352,344,148,388,397,387,28,361
131,323,355,110,341,341,151,301,337,317,20,333
132,323,355,114,341,310,155,301,337,317,20,333
133,338,338,101,326,310,158,324,269,229,21,333
134,338,338,104,326,310,162,324,269,229,21,322
135,392,390,107,402,430,165,402,403,311,27,372
136,310,390,115,437,458,162,362,264,193,27,219
137,310,305,109,290,378,164,196,197,198,21,219
138,269,305,122,290,289,157,196,197,198,40,209
139,243,256,128,254,238,160,193,244,183,35,209
140,243,256,135,254,238,160,193,244,183,63,237
141,228,236,129,239,232,151,196,226,181,78,234
142,214,227,71,234,208,145,208,209,184,98,185
143,214,227,22,234,208,128,208,209,184,121,185
144,214,227,42,234,205,120,208,209,174,102,185
145,198,199,73,222,196,121,201,199,162,112,194
146,196,190,19,194,186,136,201,199,162,107,194
147,196,190,7,194,186,146,181,174,162,97,191
148,196,190,9,194,186,141,181,174,10,86,191
149,191,171,7,173,167,155,167,170,10,88,172
150,191,173,12,173,171,163,161,171,166,86,179
151,174,162,10,174,160,177,161,171,179,85,163
152,178,170,12,176,159,174,171,183,185,86,161
153,178,170,11,176,159,180,171,183,185,103,161
154,178,176,11,176,159,185,177,185,184,136,161
155,178,176,16,176,159,188,177,185,184,170,161
156,178,176,23,176,187,188,177,185,184,192,161
157,180,178,40,189,187,188,185,199,186,206,188
158,180,176,41,189,173,188,194,194,10,226,176
159,190,176,51,187,174,188,196,179,148,228,173
160,190,177,42,189,186,188,201,183,159,230,175
161,189,176,44,180,185,163,197,187,174,230,174
162,190,176,52,188,188,163,190,180,173,239,172
163,194,177,57,199,186,131,189,181,170,236,189
164,194,179,59,199,184,116,189,190,170,223,189
165,187,183,47,213,181,116,186,194,181,229,192
166,183,183,28,193,177,116,187,208,177,212,192
167,184,187,24,206,177,160,192,184,175,211,164
168,190,198,31,194,190,163,206,189,176,202,182
169,189,198,35,203,193,161,206,197,186,195,202
170,189,203,25,203,199,161,203,192,10,192,202
171,189,203,15,203,215,161,203,192,10,184,202
172,218,228,17,226,226,164,220,216,255,174,236
173,227,215,19,228,231,165,227,231,256,185,247
174,235,249,19,244,240,164,233,232,245,160,249
175,245,243,49,242,228,140,251,242,238,122,244
176,254,242,49,238,236,155,267,259,253,100,255
177,254,254,53,238,238,155,290,288,10,92,255
178,263,252,56,247,238,135,290,288,10,77,254
179,339,285,46,247,238,99,359,370,238,53,328
180,339,285,52,247,329,99,371,383,261,56,328
181,339,373,86,247,329,69,382,386,280,38,387
182,339,396,123,247,390,62,397,385,273,41,402
183,339,412,144,247,401,62,412,392,274,41,406
184,339,429,146,247,416,62,422,411,316,30,408
185,339,430,145,247,404,62,436,408,295,34,408
186,339,426,147,247,356,62,443,404,305,47,408
187,339,421,159,247,346,62,433,399,293,63,408
188,339,424,149,247,328,62,437,399,309,63,396
189,339,406,128,247,328,62,440,399,294,72,396
190,339,387,76,247,372,62,433,421,279,148,396
191,339,387,39,390,372,62,456,431,249,148,396
192,339,324,30,390,270,62,487,358,217,154,396
193,339,178,47,390,248,62,500,358,184,162,315
194,339,143,56,390,181,62,500,153,184,178,315
195,153,179,55,166,146,62,171,294,176,181,174
196,121,179,65,114,104,62,144,151,10,181,119
197,121,76,68,74,64,62,101,151,10,181,119
198,76,59,27,42,39,62,74,79,10,182,39
199,42,59,27,42,29,62,61,61,29,194,39
200,42,45,35,35,32,62,45,45,23,174,16
201,42,35,37,19,32,62,39,54,39,152,16
202,26,26,34,19,23,62,42,48,16,152,10
203,26,10,31,19,10,62,10,10,16,150,10
204,19,16,10,19,13,62,23,29,19,162,10
205,19,29,17,13,13,62,26,29,26,167,10
206,29,10,24,10,10,62,35,23,35,168,23
207,29,16,33,10,10,62,23,29,29,175,23
208,270,268,31,306,257,82,304,286,345,175,257
209,278,285,23,313,265,131,324,313,376,168,254
210,284,292,41,319,265,185,324,339,372,168,264
211,285,280,54,310,281,176,303,323,401,161,275
212,288,253,58,316,295,176,296,340,367,167,275
213,287,234,64,277,226,158,295,313,313,172,279
214,264,220,60,277,211,158,275,285,324,187,202
215,262,204,172,262,245,136,259,262,314,188,208
216,245,197,172,246,236,123,197,247,257,188,191
217,239,199,165,255,213,110,193,221,225,194,221
218,239,206,144,249,213,101,193,221,218,201,226
219,255,206,137,249,209,97,247,221,219,219,226
220,261,227,127,253,241,101,259,235,219,216,230
221,261,227,136,253,228,105,253,229,229,212,230
222,240,217,181,241,228,115,243,251,233,210,230
223,249,217,221,231,236,123,250,251,242,206,231
224,254,239,217,245,258,118,261,234,236,207,231
225,275,239,150,285,258,135,259,234,236,220,244
226,294,277,96,299,282,143,259,258,229,233,272
227,294,288,85,299,278,138,253,267,243,225,272
228,294,283,104,302,276,138,253,263,266,220,276
229,306,282,113,293,278,153,252,261,281,217,286
230,292,286,155,286,276,158,256,261,279,208,284
231,305,285,172,294,282,151,304,261,299,172,288
232,309,289,156,297,287,145,306,278,321,66,298
233,303,284,129,290,282,151,299,298,321,31,293
234,311,284,139,288,289,146,299,328,320,28,293
235,324,284,147,286,293,151,303,362,330,57,293
236,324,276,170,286,296,152,305,362,330,47,293
237,346,278,199,293,286,153,314,346,353,37,300
238,330,281,206,315,274,159,312,316,328,35,292
239,332,278,207,337,272,165,308,320,324,30,285
240,327,342,220,337,268,165,314,315,339,41,286
241,328,364,230,403,265,166,311,315,361,24,283
242,332,369,243,403,271,161,315,321,392,24,281
243,346,350,245,392,288,161,331,327,388,14,281
244,345,350,248,392,312,167,331,327,388,14,314
245,345,331,232,392,328,171,392,371,388,12,314
246,367,308,204,340,328,173,415,409,428,10,314
247,441,308,157,340,340,184,415,409,428,14,194
248,420,350,157,436,340,184,454,454,471,14,354
249,420,383,146,436,302,193,454,454,448,11,312
250,430,368,152,365,314,202,242,314,406,17,342
251,375,265,150,310,281,206,10,10,364,21,342
252,252,201,149,263,243,214,10,10,375,25,206
253,277,246,155,230,256,214,170,16,262,21,254
254,251,246,154,234,247,225,170,16,259,22,236
255,225,238,162,225,247,215,182,207,236,25,224
256,225,228,233,225,314,211,182,207,236,20,224
257,333,436,279,279,370,214,220,223,531,22,369
258,444,494,285,478,370,209,301,367,536,20,448
259,472,494,214,496,412,222,301,479,537,22,448
260,457,430,19,484,402,223,451,529,514,20,428
261,485,430,7,470,400,226,479,513,516,21,415
262,478,430,5,438,400,226,486,484,480,17,373
263,478,354,21,438,385,220,469,461,450,18,350
264,415,345,33,396,324,220,440,466,414,27,343
265,431,341,33,398,341,206,404,480,408,24,193
266,431,338,39,393,332,196,384,465,392,15,10
267,397,338,52,377,332,155,386,452,401,20,10
268,413,334,79,370,366,155,411,450,401,24,258
269,413,330,106,370,366,97,428,339,373,22,301
270,254,207,157,180,366,97,428,212,271,27,302
271,214,234,187,273,190,101,428,177,10,18,299
272,225,234,195,410,190,84,428,177,10,11,299
273,333,234,199,280,318,82,428,245,203,8,279
274,226,205,41,194,213,77,237,245,181,5,288
275,184,205,45,194,180,82,189,155,166,8,303
276,162,162,86,168,161,89,162,104,164,15,310
277,163,163,98,164,155,84,118,103,167,22,291
278,172,164,69,167,165,77,129,161,164,18,269
279,172,139,82,167,165,72,129,161,164,18,271
280,168,148,85,165,118,72,163,119,160,24,285
281,164,160,83,160,158,103,148,136,160,14,276
282,164,126,89,160,119,101,148,136,167,4,266
283,173,144,83,136,157,101,174,184,161,25,247
284,153,144,94,139,123,135,181,128,131,44,241
285,128,119,91,128,121,146,166,128,10,55,251
286,109,119,77,106,109,138,139,103,42,65,262
287,32,51,60,79,39,138,139,103,42,65,292
288,45,48,50,51,32,135,119,69,32,73,312
289,42,39,40,32,42,135,81,51,48,75,446
290,42,39,50,32,29,136,81,45,32,71,498
291,39,48,37,32,32,151,66,61,42,81,489
292,51,39,29,29,35,159,64,39,32,98,500
293,51,48,40,35,29,159,64,23,32,110,500
294,32,32,51,29,42,159,69,29,13,101,500
295,59,32,75,48,42,164,69,29,13,88,500
296,42,10,116,48,45,167,84,48,45,95,500
297,48,45,132,59,51,167,71,51,69,88,472
298,48,51,128,59,54,167,71,51,69,70,409
299,167,158,100,161,155,167,176,150,156,60,379
300,167,158,113,161,155,167,176,150,156,44,376
301,167,158,140,161,155,167,176,150,156,42,376
302,167,158,151,161,155,111,176,150,156,50,384
303,167,158,177,161,155,151,176,150,156,55,392
304,281,268,177,252,193,153,217,237,259,53,394
305,258,213,181,265,210,158,234,271,230,52,396
306,269,270,184,272,198,163,272,208,268,50,423
307,286,235,167,276,222,164,231,206,284,61,450
308,320,256,173,288,248,163,254,279,273,78,500
309,320,283,144,288,294,161,232,235,215,85,500
310,243,237,162,250,265,158,216,191,219,110,493
311,236,234,186,233,207,153,190,187,219,136,466
312,249,240,158,232,202,150,203,193,237,154,456
313,264,204,212,241,206,150,220,206,228,168,478
314,277,247,259,244,219,168,226,217,240,161,488
315,277,258,261,250,219,177,240,255,240,172,479
316,264,265,255,261,224,197,225,210,261,148,496
317,265,268,219,273,219,206,194,218,245,146,500
318,265,268,169,273,224,219,235,222,250,142,497
319,265,268,163,273,224,216,238,222,250,136,488
320,265,231,161,291,223,240,213,222,269,133,478
321,278,249,139,291,223,197,261,224,286,168,465
322,278,249,102,291,223,160,261,224,286,175,458
323,294,249,96,310,242,152,261,243,307,162,447
324,404,309,102,370,296,126,365,10,353,151,434
325,432,337,97,370,336,158,374,319,369,133,422
326,440,366,98,421,374,165,404,362,400,103,400
327,438,366,97,423,374,169,420,388,420,78,399
328,438,388,96,423,397,190,420,388,432,81,336
329,439,389,91,430,392,190,440,408,432,160,228
330,455,389,70,430,400,190,452,422,425,157,239
331,455,389,43,430,400,178,463,429,454,168,267
332,461,414,44,427,404,173,463,429,454,240,301
333,461,414,38,427,404,49,472,438,484,207,285
334,461,475,28,427,415,36,505,491,504,202,283
335,461,475,44,427,422,36,505,491,504,281,356
336,510,490,57,494,442,36,494,480,473,296,353
337,510,488,37,494,452,72,482,489,478,294,342
338,492,488,26,388,452,77,482,489,478,293,335
339,492,359,14,388,427,89,437,447,476,216,313
340,180,86,14,141,66,97,103,104,375,28,261
341,56,359,14,23,66,87,79,74,154,22,248
342,51,56,17,26,48,103,79,74,154,17,203
343,42,48,16,26,32,126,35,56,42,20,158
344,48,32,19,16,10,128,23,45,19,20,147
345,48,32,22,16,10,116,10,42,19,11,116
346,29,16,23,10,10,146,10,10,29,8,83
347,19,10,47,19,10,160,10,23,19,10,76
348,45,10,66,32,35,161,29,39,39,15,83
349,48,42,101,26,51,173,26,35,10,17,88
350,39,39,117,10,29,173,45,42,54,20,98
351,64,51,111,35,42,189,48,48,23,18,125
352,56,10,88,39,42,158,48,54,61,12,123
353,56,10,75,66,42,87,64,59,39,7,83
354,131,84,80,64,66,82,138,114,71,14,108
355,152,154,76,156,148,101,126,126,116,5,106
356,113,114,80,128,116,101,94,99,96,20,112
357,104,48,88,94,101,110,32,81,71,30,121
358,104,29,98,86,94,89,32,54,61,44,101
359,91,29,90,103,35,84,26,54,64,45,90
360,106,13,94,86,35,77,51,51,79,56,61
361,91,19,96,86,45,64,86,51,76,76,45
362,96,16,100,89,42,99,32,61,66,96,60
363,96,10,89,84,39,99,42,74,54,91,61
364,81,10,100,76,29,99,79,69,54,83,55
365,79,10,99,74,26,94,66,35,69,96,65
366,86,10,92,81,29,87,13,39,71,112,86
367,79,89,75,104,23,92,23,45,106,122,92
368,79,48,79,104,86,94,32,106,116,111,98
369,111,108,83,116,108,79,106,116,111,106,106
370,129,108,87,118,129,72,126,116,106,115,111
371,129,91,93,118,134,84,134,136,134,122,116
372,153,91,20,143,109,103,148,151,148,105,117
373,151,104,25,141,116,120,153,150,154,167,85
374,156,104,28,139,153,120,131,153,153,212,407
375,156,108,33,148,131,115,129,155,141,220,90
376,155,149,40,141,131,120,155,150,151,168,72
377,149,108,32,128,119,150,154,151,123,125,100
378,146,108,19,104,104,150,156,138,126,4,115
379,146,108,19,104,104,157,156,138,126,65,120
380,144,134,18,104,101,157,153,136,154,123,123
381,159,163,19,104,133,157,126,157,161,161,111
382,163,164,14,10,146,156,143,151,150,150,92
383,152,154,15,121,161,155,143,123,143,165,101
384,144,148,21,139,149,155,121,96,119,188,101
385,133,126,63,138,149,154,109,84,113,197,145
386,253,198,54,213,216,148,262,229,222,200,152
387,253,198,66,213,216,151,262,229,222,225,133
388,253,198,69,213,216,158,262,229,222,209,123
389,180,177,77,181,173,164,177,173,173,133,111
390,184,186,73,188,178,168,184,180,176,80,93
391,184,188,54,198,182,170,188,183,179,31,88
392,197,191,58,198,182,170,188,183,179,37,61
393,197,191,61,197,182,175,195,187,187,42,51
394,197,207,50,197,200,175,195,197,199,125,30
395,203,207,30,221,200,176,200,197,199,160,34
396,211,220,38,241,194,176,198,201,233,172,27
397,208,232,33,252,197,165,211,221,232,174,30
398,223,214,44,212,198,165,224,234,226,91,21
399,228,214,62,212,195,163,240,257,272,100,30
400,207,196,63,200,185,82,240,257,282,148,40
401,194,186,55,200,190,82,215,242,258,170,42
402,194,198,45,198,178,138,218,242,210,170,41
403,219,226,35,225,209,177,211,210,232,125,103
404,219,226,30,225,209,92,211,210,232,111,133
405,246,266,26,278,232,92,233,210,239,123,184
406,191,173,23,192,188,92,190,173,150,121,198
407,191,154,14,170,159,59,152,151,125,122,190
408,160,135,5,153,145,59,130,131,108,123,192
409,153,110,18,133,133,62,110,111,111,140,194
410,145,110,8,118,133,89,110,111,111,140,201
411,151,92,6,110,126,72,115,123,118,143,201
412,146,99,17,87,123,72,108,121,110,141,209
413,151,106,24,103,116,72,113,110,97,142,217
414,111,110,25,115,116,64,97,110,101,157,219
415,123,110,33,106,64,64,97,110,101,148,220
416,123,101,39,106,59,84,97,115,108,137,207
417,123,113,38,138,49,84,118,120,136,115,215
418,123,120,44,138,49,82,118,120,136,75,227
419,110,125,38,111,59,74,74,131,146,75,241
420,110,123,38,111,67,84,99,113,140,75,252
421,123,151,42,111,111,89,64,143,160,86,252
422,160,157,47,155,136,99,143,161,10,75,280
423,160,157,47,155,145,99,143,161,10,61,316
424,160,160,56,155,145,120,161,161,10,57,375
425,160,160,71,155,153,153,161,161,10,73,368
426,160,166,79,155,151,152,161,161,10,97,415
427,171,166,88,165,157,156,179,172,10,167,423
428,177,169,93,171,164,165,171,169,10,364,416
429,177,169,88,171,163,173,171,169,10,430,406
430,167,170,71,160,151,180,177,176,164,469,394
431,167,158,75,160,154,175,158,160,156,485,358
432,155,154,78,152,157,158,160,158,153,495,335
433,164,158,93,155,160,166,164,158,154,500,324
434,168,157,94,163,161,176,167,163,160,500,319
435,171,154,41,169,155,188,171,167,157,500,302
436,171,158,77,170,155,174,161,171,154,500,305
437,171,163,79,171,156,136,161,171,154,500,291
438,174,175,78,169,158,153,161,169,155,500,281
439,175,174,70,170,158,164,160,160,158,500,284
440,177,170,73,165,160,177,164,162,160,490,280
441,181,171,75,164,177,203,163,157,158,472,283
442,181,171,97,164,174,203,163,157,158,435,266
443,178,175,99,173,174,203,180,160,158,423,195
444,180,176,95,170,173,203,181,163,158,423,248
445,185,174,77,169,176,150,165,165,156,421,287
446,188,168,82,165,167,165,188,165,164,424,315
447,198,175,91,174,187,265,193,167,174,319,283
448,198,165,101,174,188,99,201,185,183,174,302
449,200,165,106,174,188,36,201,185,183,132,302
450,194,169,110,170,179,89,180,180,178,295,336
451,62,94,114,30,131,79,162,157,115,297,315
452,42,36,112,23,64,64,49,69,59,376,310
453,23,10,117,39,10,64,23,64,33,397,293
454,23,59,125,39,39,103,62,67,36,417,326
455,46,23,136,46,10,116,46,13,33,416,340
456,46,10,141,46,49,126,46,10,49,384,352
457,30,10,130,26,30,130,46,10,49,320,345
458,30,20,148,33,26,126,62,54,42,325,314
459,46,10,146,30,39,126,54,39,39,301,302
460,36,10,170,26,20,120,49,36,42,286,306
461,36,10,152,26,20,103,52,10,17,277,303
462,23,10,173,26,10,116,46,10,23,232,285
463,36,10,191,17,10,130,46,10,42,145,280
464,42,10,174,23,10,123,10,10,42,118,265
465,26,30,178,20,23,123,10,10,49,96,266
466,36,10,179,17,10,133,36,10,72,92,230
467,57,10,208,26,20,133,36,36,97,106,230
468,59,33,217,46,20,133,20,42,82,116,230
469,103,33,212,77,20,133,20,42,82,168,236
470,141,20,242,99,54,133,84,59,46,204,248
471,64,36,248,36,26,133,74,54,52,112,257
472,64,20,257,36,26,133,72,54,10,71,257
473,67,20,258,36,26,133,72,54,10,137,266
474,46,10,256,49,26,133,39,10,10,259,280
475,52,10,252,36,10,133,52,10,46,310,261
476,57,49,244,49,10,133,79,10,42,337,283
477,54,49,225,33,52,133,23,42,39,376,278
478,54,49,220,33,52,133,23,42,39,53,280
479,110,59,190,111,46,133,36,67,62,47,296
480,110,105,169,111,69,133,64,79,101,58,289
481,99,103,152,74,94,133,118,135,103,315,321
482,111,103,141,89,94,133,118,135,126,188,371
483,111,97,119,89,103,200,118,120,143,140,377
484,125,138,139,118,130,209,146,120,123,111,406
485,150,138,197,136,130,207,146,120,123,128,421
486,143,140,171,145,138,196,136,123,128,133,363
487,154,131,156,141,133,195,150,126,140,142,367
488,152,143,158,166,135,195,145,162,158,146,370
489,152,164,95,166,155,190,161,163,138,161,392
490,174,148,87,161,160,190,169,152,126,182,386
491,163,148,111,153,145,178,169,140,120,142,391
492,157,150,114,148,145,178,160,143,128,168,392
493,157,151,120,148,10,178,156,155,136,180,364
494,158,151,86,153,10,178,164,160,135,175,421
495,167,155,62,158,140,178,158,146,161,146,420
496,169,146,71,157,166,219,168,173,166,127,434
497,174,178,33,164,162,239,10,179,174,130,428
498,187,183,17,181,178,243,10,191,176,142,401
499,177,183,14,190,178,177,160,191,176,171,390
500,181,184,12,180,179,89,165,175,163,175,391
501,181,179,6,180,172,62,164,163,155,182,398
502,170,161,14,158,164,84,164,158,158,174,406
503,161,163,9,163,163,106,160,161,161,195,481
504,168,165,13,166,162,111,161,162,156,204,484
505,166,166,16,164,161,108,158,163,159,220,446
506,141,160,15,130,164,103,163,164,167,224,464
507,156,133,9,136,130,103,136,131,103,230,476
508,156,133,9,136,130,103,136,131,103,240,498
509,156,108,17,128,126,103,153,106,113,250,479
510,145,79,13,79,87,103,135,141,94,241,474
511,125,115,17,62,87,77,106,46,103,221,341
512,89,110,24,87,87,82,103,113,87,35,341
513,89,110,25,87,72,69,103,113,87,30,118
514,89,110,36,87,72,69,103,113,87,14,118
515,89,74,54,87,54,69,103,113,87,17,96
516,62,54,45,52,57,64,23,74,59,21,37
517,52,57,39,49,52,57,54,82,36,8,34
518,52,72,44,46,52,57,57,74,39,14,28
519,67,54,51,52,46,84,23,52,46,10,25
520,54,52,51,49,42,52,36,49,36,12,20
521,49,52,52,36,33,67,46,46,46,4,22
522,49,52,34,42,33,77,46,46,46,10,15
523,39,113,26,42,46,79,23,54,39,7,15
524,57,72,24,42,67,94,46,64,33,15,18
525,52,72,20,42,67,84,39,77,36,17,22
526,62,39,18,39,46,99,49,77,64,12,15
527,64,52,20,36,46,92,52,64,30,12,14
528,62,57,19,46,54,89,49,62,49,14,14
529,49,52,17,33,39,103,52,64,52,14,25
530,52,42,14,39,42,110,42,59,23,14,15
531,46,33,19,39,36,110,46,46,33,12,32
532,49,46,18,26,20,113,42,42,30,12,34
533,49,46,21,26,20,113,42,42,30,11,21
534,46,42,19,36,46,113,33,36,23,12,31
535,46,39,24,30,36,87,33,36,23,15,22
536,30,39,31,26,26,87,36,30,39,12,38
537,42,33,31,42,36,87,46,36,23,17,85
538,39,39,39,39,30,113,46,36,23,15,82
539,52,20,38,33,39,113,36,46,36,11,66
540,52,39,58,33,39,111,39,33,42,8,63
541,52,39,72,33,42,135,20,42,30,11,76
542,46,52,58,46,42,141,49,42,52,15,97
543,49,42,64,39,42,140,57,33,54,11,108
544,42,46,51,49,30,57,54,39,46,21,60
545,77,52,47,54,49,59,33,33,20,17,60
546,77,52,47,54,46,84,46,36,10,20,75
547,39,52,33,52,49,105,49,67,20,20,75
548,46,49,53,39,36,118,57,54,23,20,83
549,42,42,121,49,36,120,54,62,26,24,103
550,49,46,159,33,52,118,42,57,33,21,86
551,42,46,91,39,52,82,42,42,30,22,102
552,42,46,84,39,52,82,42,42,30,27,137
553,42,46,103,39,52,69,42,42,30,32,116
554,42,46,95,39,52,69,42,42,30,45,136
555,42,46,81,39,52,69,42,42,30,60,123
556,42,46,93,39,52,99,42,42,30,65,82
557,42,46,74,39,52,105,42,42,30,77,102
558,42,46,53,39,52,108,42,42,30,87,123
559,42,46,56,39,52,128,42,42,30,72,117
560,42,46,54,39,52,126,42,42,30,83,93
561,42,46,80,39,52,125,42,42,30,120,118
562,42,46,78,39,52,111,42,42,30,136,132
563,42,46,107,39,52,140,42,42,30,135,198
564,42,46,107,39,52,131,42,42,30,138,185
565,42,46,117,39,52,141,42,42,30,145,194
566,42,46,100,39,52,150,42,42,30,174,205
567,42,46,89,39,52,153,42,42,30,174,223
568,42,46,95,39,52,160,42,42,30,172,174
569,42,46,102,39,52,160,42,42,30,184,112
570,42,46,124,39,52,154,42,42,30,175,88
571,42,46,138,39,52,150,42,42,30,157,71
572,42,46,112,39,52,162,42,42,30,128,76
573,0,0,115,0,0,164,0,0,0,105,61
574,0,74,107,0,74,164,57,99,87,96,28
575,97,74,103,79,64,145,57,99,87,106,4
576,94,72,108,77,64,116,77,131,89,107,21
577,126,74,46,79,84,135,108,167,108,138,11
578,115,82,167,87,59,135,113,171,141,143,32
579,110,0,281,87,52,150,105,145,145,154,4
580,110,0,292,87,54,150,77,113,106,145,21
581,110,59,316,39,62,177,84,99,62,158,52
582,72,62,284,54,54,194,77,69,46,198,65
583,105,69,284,64,59,198,62,62,49,218,73
584,128,72,263,67,64,198,49,59,62,217,102
585,74,0,250,36,67,198,36,62,36,227,126
586,74,0,239,36,54,198,42,36,10,242,140
587,49,54,214,30,57,179,42,54,10,247,171
588,62,36,240,42,39,188,36,54,10,250,181
589,49,0,271,46,39,186,46,39,10,270,184
590,49,52,298,46,57,175,46,39,20,296,160
591,62,36,279,26,49,183,36,39,13,297,128
592,52,0,327,0,49,173,30,33,26,320,133
593,46,30,336,26,52,173,42,36,20,301,161
594,39,26,328,30,36,180,33,54,20,282,133
595,49,39,332,33,33,185,42,33,23,257,123
596,62,33,329,42,36,200,57,46,42,230,126
597,69,52,322,67,54,212,62,59,87,249,182
598,89,82,303,138,77,277,92,79,153,262,191
599,150,94,294,143,89,239,118,140,133,253,165
600,155,101,278,131,108,214,125,135,162,262,175
601,151,111,255,115,108,225,92,148,123,263,171
602,130,115,253,108,110,266,103,133,125,307,164
603,116,110,256,97,108,316,101,135,140,319,152
604,121,113,263,105,108,270,113,130,151,299,167
605,146,138,260,136,123,194,143,133,145,294,177
606,160,148,293,145,141,148,154,146,141,292,205
607,179,153,285,146,121,77,159,156,152,102,219
608,183,146,291,161,87,123,165,164,157,102,234
609,175,159,241,151,110,123,167,174,177,87,252
610,164,138,244,145,111,123,168,176,175,88,285
611,138,148,228,148,120,92,157,161,167,96,315
612,148,141,209,148,120,92,152,161,160,44,283
613,154,154,214,138,123,92,128,156,152,38,216
614,130,163,212,159,130,89,126,148,155,31,223
615,125,118,217,143,111,101,115,110,160,22,200
616,121,105,221,106,108,111,118,101,115,28,208
617,131,121,212,113,116,118,128,110,97,18,203
618,152,138,190,133,136,97,130,128,105,50,229
619,138,135,196,125,128,97,110,120,123,51,230
620,143,128,197,121,118,128,121,126,125,25,230
621,140,125,206,118,130,125,126,128,126,50,230
622,145,135,202,125,135,110,151,136,140,65,286
623,155,145,190,128,143,115,155,153,140,21,310
624,158,145,177,135,150,115,136,151,130,17,334
625,154,148,170,141,148,84,140,138,140,14,355
626,153,151,154,141,155,82,145,145,148,12,348
627,160,158,132,156,156,120,156,154,153,20,289
628,160,158,121,156,156,125,156,154,153,17,238
629,178,174,113,171,161,120,166,161,160,15,235
630,181,174,113,177,160,113,170,168,167,17,234
631,195,169,123,179,153,143,175,174,183,60,269
632,190,172,125,182,163,146,176,178,201,51,271
633,176,188,129,178,160,165,177,193,218,41,266
634,183,184,129,182,165,167,173,202,200,35,269
635,183,193,165,182,173,170,180,196,210,35,288
636,185,192,222,187,178,168,192,199,217,37,307
637,165,161,257,166,152,175,166,175,185,27,269
638,105,105,263,92,72,163,94,110,164,30,261
639,59,49,280,54,67,167,72,64,33,25,51
640,49,49,294,46,67,165,72,64,33,34,15
641,49,54,287,46,49,156,54,59,42,65,4
642,49,46,277,42,33,170,36,36,49,68,10
643,59,46,270,33,49,171,39,49,33,42,14
644,49,30,286,26,42,171,33,36,101,31,25
645,54,30,296,17,36,171,30,33,339,45,11
646,42,46,301,36,30,171,36,36,168,47,4
647,39,0,295,0,42,171,0,36,13,81,4
648,39,39,288,42,26,171,46,46,13,80,4
649,165,163,287,161,150,161,154,170,165,103,4
650,170,162,280,158,158,161,164,173,164,117,4
651,175,163,266,160,157,162,168,168,165,130,4
652,173,166,272,167,163,167,164,171,171,133,4
653,178,173,254,171,162,167,174,175,177,160,4
654,182,179,243,175,174,163,177,174,163,148,4
655,174,170,240,165,174,181,168,162,156,127,4
656,166,155,235,157,160,138,163,157,148,121,4
657,158,154,239,151,154,170,150,136,136,112,4
658,155,143,263,145,131,197,133,135,123,115,4
659,141,118,279,0,116,154,136,115,116,125,4
660,128,108,282,92,87,154,110,111,94,115,4
661,128,0,252,0,87,105,0,111,94,112,10
662,92,84,229,101,67,105,110,106,79,125,7
663,89,97,210,99,74,105,99,131,138,133,4
664,164,154,194,146,108,87,167,163,165,135,4
665,175,170,179,173,172,87,170,158,163,167,12
666,164,160,159,160,165,135,158,152,154,178,4
667,157,155,147,158,158,145,155,151,141,172,4
668,143,157,135,148,140,148,153,143,141,191,22
669,120,128,126,123,120,141,113,135,128,177,11
670,110,126,129,125,106,128,108,121,111,83,27
671,110,120,146,123,105,140,118,121,111,28,38
672,126,113,174,146,110,159,111,97,123,8,41
673,126,113,208,146,110,162,111,97,123,15,32
674,126,113,235,146,110,165,111,97,123,18,51
675,126,89,265,146,94,161,92,92,130,11,31
676,123,89,273,146,94,158,92,103,125,12,58
677,123,89,287,87,94,156,110,103,125,8,67
678,123,89,292,87,94,165,110,103,125,8,68
679,123,89,295,87,94,165,110,103,125,11,67
680,123,89,283,87,94,167,110,103,125,4,50
681,125,103,274,111,101,169,105,121,131,4,4
682,131,130,272,115,101,163,84,120,97,15,4
683,131,130,287,115,101,162,84,120,97,11,4
684,131,130,301,115,101,167,84,120,97,18,4
685,131,130,337,115,101,175,84,120,97,12,4
686,131,154,325,115,157,170,152,151,123,14,4
687,155,154,304,145,157,169,143,130,121,37,4
688,155,154,307,145,157,163,143,130,121,35,10
689,155,154,307,145,157,163,143,130,121,31,4
690,155,113,276,145,133,178,106,115,108,65,21
691,131,120,236,116,120,161,120,92,108,65,17
692,131,113,217,116,113,172,121,103,120,77,4
693,135,120,207,128,99,173,126,125,135,77,4
694,99,113,206,135,46,181,128,121,151,73,4
695,99,113,210,135,46,181,128,121,151,92,17
696,52,49,200,39,30,181,49,52,39,83,4
697,52,49,114,39,30,167,49,52,39,81,4
698,49,42,63,30,23,188,42,30,30,85,4
699,33,26,22,30,23,216,26,36,17,92,4
700,33,17,15,30,36,214,30,33,20,77,21
701,33,20,13,30,17,236,33,33,10,78,25
702,46,20,4,30,17,232,33,23,39,73,41
703,52,26,6,26,30,227,10,33,39,78,61
704,46,30,13,42,20,222,30,54,39,83,75
705,33,33,22,30,23,175,23,33,13,82,83
706,33,39,55,30,20,158,49,36,39,78,86
707,30,17,55,33,36,105,42,42,10,75,92
708,52,17,63,10,36,113,42,42,10,82,91
709,33,17,66,10,46,125,49,39,23,87,85
710,59,20,72,36,20,133,39,42,13,92,122
711,74,39,75,26,30,155,54,36,39,76,112
712,59,36,60,26,23,165,23,30,33,93,115
713,62,20,35,42,33,165,54,26,36,115,108
714,49,54,33,79,36,187,64,42,59,121,105
715,77,77,27,101,30,184,77,69,84,145,68
716,97,67,18,72,57,176,67,69,94,194,77
717,103,77,29,77,57,185,92,87,94,214,38
718,103,77,23,77,57,191,92,87,94,221,5
719,121,115,27,110,106,217,113,110,120,227,7
720,121,131,23,130,125,237,118,135,128,232,4
721,121,131,7,130,125,251,118,135,128,227,5
722,146,148,11,153,130,251,155,150,111,229,15
723,146,151,16,140,150,221,161,135,101,232,44
724,146,130,4,140,118,221,140,140,94,229,50
725,141,130,4,136,120,221,121,121,94,223,50
726,141,130,14,136,120,146,121,121,94,224,52
727,141,120,27,136,110,163,97,101,118,222,72
728,141,101,49,136,99,154,94,89,94,222,95
729,97,101,60,89,94,166,94,89,94,212,98
730,97,99,44,89,94,194,87,94,89,67,141
731,97,99,39,89,94,230,87,94,89,30,164
732,97,99,39,89,94,188,87,94,89,20,145
733,126,101,50,113,116,140,110,105,89,17,143
734,126,101,48,113,116,79,110,105,89,12,123
735,126,101,55,113,116,62,110,105,89,10,143
736,126,128,59,113,110,74,110,105,89,15,160
737,136,128,64,123,110,79,116,116,118,14,151
738,146,131,65,130,128,82,118,121,126,20,178
739,151,133,54,138,126,101,113,111,125,21,184
740,151,133,37,138,126,121,113,111,125,14,206
741,148,152,30,145,143,106,143,123,138,17,215
742,148,145,34,143,143,74,145,143,151,25,223
743,148,133,40,143,143,69,133,146,154,32,203
744,152,133,39,135,143,62,133,151,154,50,226
745,152,141,30,135,151,52,133,151,154,68,206
746,152,141,26,135,151,52,133,151,154,175,210
747,159,141,29,154,154,52,133,138,153,160,202
748,160,157,41,155,154,49,133,138,153,150,235
749,166,155,18,155,151,54,145,160,158,192,237
750,174,152,10,160,160,57,153,168,163,184,268
751,172,161,21,163,154,39,157,174,166,395,237
752,171,160,24,164,155,33,163,173,168,313,211
753,166,161,38,158,153,39,161,169,165,248,128
754,170,151,42,156,157,23,158,157,164,180,57
755,159,143,53,157,143,30,158,161,162,157,52
756,156,146,64,158,158,36,151,155,158,133,24
757,156,146,64,158,158,52,151,155,158,121,55
758,150,135,75,146,126,46,113,118,151,110,32
759,150,141,75,136,130,33,116,131,136,103,143
760,155,154,76,152,136,36,143,131,130,113,197
761,155,154,80,152,136,30,143,131,130,91,162
762,155,154,80,152,136,42,143,131,130,86,154
763,155,154,88,152,136,42,143,131,130,90,107
764,157,159,44,151,153,36,154,131,150,120,171
765,172,161,39,161,161,33,164,131,157,148,211
766,176,161,13,170,161,23,164,131,157,157,192
767,176,171,17,170,167,26,165,131,166,167,190
768,176,171,16,170,167,17,165,131,166,165,194
769,176,171,16,170,167,17,165,131,166,167,161
770,176,174,10,170,171,57,158,131,169,185,152
771,176,174,7,170,171,49,158,131,169,194,115
772,181,170,8,191,180,64,162,131,175,205,118
773,191,180,9,195,181,77,162,131,181,194,146
774,198,185,18,201,173,94,183,131,197,171,121
775,198,185,23,201,189,101,183,131,197,191,101
776,198,200,27,201,198,111,183,131,197,197,90
777,224,206,32,220,198,105,209,131,206,191,92
778,223,223,30,220,197,94,192,131,208,200,81
779,203,197,45,200,183,82,186,131,191,202,45
780,198,182,52,198,183,84,181,131,192,206,28
781,206,177,42,192,174,94,183,131,188,202,45
782,206,177,21,192,174,99,183,131,188,206,17
783,215,193,18,190,198,101,207,0,189,207,30
784,215,193,6,190,198,59,207,0,189,200,44
785,193,193,9,192,193,46,171,0,180,167,83
786,183,176,8,183,178,54,163,0,172,141,86
787,183,176,8,183,178,49,163,0,172,121,88
788,163,153,12,163,154,54,160,0,164,116,108
789,165,164,4,163,165,39,152,0,167,141,103
790,165,164,6,163,165,46,152,0,167,128,85
791,165,164,4,163,165,77,152,0,167,136,125
792,187,164,4,177,165,57,163,0,176,130,98
793,187,165,4,177,174,69,164,0,177,158,106
794,189,167,6,185,178,79,166,0,179,117,143
795,189,167,7,185,178,72,166,0,179,138,108
796,200,174,4,192,180,105,175,0,188,137,141
797,204,179,4,193,186,118,178,0,195,131,175
798,216,184,9,200,189,118,180,0,197,135,197
799,226,206,11,206,193,131,183,0,199,161,206
800,226,206,14,206,197,133,190,0,212,170,181
801,242,206,17,241,200,135,220,0,221,187,210
802,247,206,28,249,207,128,235,248,232,185,194
803,247,206,31,249,207,157,235,248,232,200,227
804,283,214,32,277,235,162,221,212,219,192,225
805,283,214,50,277,235,160,221,212,219,192,204
806,283,211,55,277,250,174,242,213,222,178,211
807,283,211,31,277,250,181,242,213,222,161,205
808,225,184,23,202,227,193,197,180,190,76,231
809,225,184,30,202,227,189,197,180,190,31,239
810,266,188,11,200,221,194,256,198,190,20,243
811,266,188,8,207,221,189,256,198,190,20,249
812,266,188,5,207,221,188,256,198,190,21,271
813,266,188,5,207,221,154,256,198,190,27,258
814,266,188,5,207,221,151,256,198,190,12,313
815,266,188,7,207,221,153,256,198,190,14,295
816,266,188,4,207,221,160,256,198,190,5,260
817,266,188,77,207,221,160,256,198,190,5,246
818,266,188,77,207,221,136,256,198,190,12,245
819,193,162,74,190,190,153,192,181,192,12,233
820,206,172,67,206,200,152,196,198,198,17,222
821,225,195,79,225,208,153,201,198,197,4,210
822,230,199,82,230,198,138,187,187,201,4,83
823,246,206,68,244,201,128,197,234,218,5,14
824,246,206,68,244,201,154,197,234,218,12,21
825,274,219,64,262,226,156,255,267,257,4,22
826,289,236,78,278,239,166,274,277,260,10,8
827,298,259,85,299,245,221,243,276,261,7,12
828,298,259,106,299,280,213,243,244,259,11,18
829,296,261,106,296,264,168,232,234,253,4,18
830,296,261,127,296,264,185,232,234,253,8,12
831,308,268,153,313,287,191,274,277,266,4,4
832,318,280,157,296,298,200,275,275,257,4,4
833,318,275,161,296,277,198,302,303,283,10,4
834,310,212,123,247,261,192,317,303,242,10,4
835,295,195,119,244,238,183,294,283,257,5,4
836,295,195,108,244,238,183,294,283,257,8,4
837,295,195,124,244,238,171,294,283,257,8,4
838,295,195,177,244,238,154,294,283,257,10,4
839,295,186,204,244,254,161,294,287,229,10,4
840,306,186,225,247,254,158,294,287,229,11,4
841,306,186,231,247,254,154,294,287,229,5,4
842,306,216,239,247,235,161,287,348,241,11,4
843,306,216,238,247,235,157,287,348,241,5,4
844,306,216,262,247,235,164,287,348,241,10,4
845,306,216,257,247,235,172,287,348,241,4,4
846,194,216,251,175,235,175,296,227,207,5,4
847,194,216,202,175,235,187,296,227,207,4,57
848,194,216,97,175,235,183,296,227,207,4,65
849,194,121,81,175,188,174,270,204,191,4,55
850,194,125,81,175,171,176,191,190,158,4,58
851,188,125,90,161,171,177,191,190,158,7,27
852,188,125,116,161,171,188,191,190,158,4,20
853,188,125,105,161,171,191,191,190,158,4,4
854,188,125,99,161,171,193,191,190,158,5,4
855,188,125,110,161,171,191,191,190,158,10,5
856,188,125,131,161,171,188,191,190,158,18,4
857,188,125,163,161,171,181,191,190,158,12,17
858,188,125,166,161,171,181,191,190,158,12,31
859,188,125,188,161,171,181,191,190,158,14,31
860,77,36,194,54,39,184,42,52,59,12,15
861,77,30,205,54,20,178,42,52,59,15,32
862,77,30,208,54,20,177,52,59,36,30,30
863,77,30,206,54,20,183,52,59,36,50,30
864,77,10,208,54,10,177,26,59,36,55,24
865,87,10,214,26,10,184,26,39,13,62,37
866,87,10,227,26,10,180,26,39,13,83,40
867,87,10,226,26,10,180,26,39,13,111,48
868,94,33,230,46,30,180,26,54,36,141,65
869,105,36,221,42,49,180,54,64,69,155,53
870,105,30,249,42,49,176,42,49,54,140,35
871,105,30,248,42,49,175,42,49,54,103,53
872,105,30,237,42,49,176,42,49,54,93,32
873,57,30,234,42,49,174,42,49,54,88,24
874,57,30,233,42,49,170,42,49,54,88,15
875,57,30,243,42,49,170,42,49,54,86,15
876,57,30,250,42,49,170,42,49,54,112,22
877,57,26,259,42,49,170,42,0,49,115,11
878,57,26,259,42,49,170,42,0,49,123,12
879,57,26,268,42,49,170,42,0,49,131,15
880,57,26,242,42,49,170,42,0,49,121,32
881,0,26,177,42,49,170,42,30,20,121,12
882,0,26,181,42,49,170,42,30,20,86,21
883,0,26,187,42,49,170,42,30,20,95,12
884,57,13,180,20,46,170,46,30,49,108,18
885,57,17,160,20,46,52,46,30,49,113,24
886,57,17,159,20,46,52,36,46,10,111,31
887,30,17,180,17,46,52,36,46,10,110,22
888,30,17,203,17,46,54,36,46,10,106,30
889,30,17,214,17,46,62,36,46,10,106,28
890,30,17,227,17,46,97,36,46,10,95,48
891,30,17,246,17,46,106,36,46,10,100,48
892,30,17,245,17,46,113,36,46,10,113,35
893,30,17,215,17,46,135,36,46,10,131,18
894,30,54,148,17,118,138,36,46,10,138,18
895,30,54,135,17,118,126,128,126,175,147,17
896,133,54,133,136,118,131,128,126,175,157,18
897,133,54,161,136,118,131,128,126,175,154,22
898,168,103,149,164,116,131,116,140,153,170,17
899,168,103,119,164,116,131,116,140,153,190,7
900,163,153,116,184,151,131,172,170,203,195,15
901,163,153,125,184,151,94,172,170,203,192,28
902,165,153,118,173,151,92,163,158,203,174,52
903,175,153,117,167,159,77,155,153,150,164,44
904,164,140,107,158,160,89,155,158,150,148,22
905,166,150,105,162,163,49,158,159,150,137,11
906,173,154,102,167,160,64,155,160,150,137,14
907,173,153,104,167,164,52,157,158,150,135,18
908,173,153,107,167,164,33,157,158,150,136,18
909,164,140,114,158,158,39,157,157,150,121,21
910,170,136,113,161,154,33,157,157,158,113,31
911,173,133,112,157,155,87,156,157,158,116,27
912,163,133,92,157,135,113,155,140,120,115,42
913,111,89,82,111,135,125,120,116,120,126,45
914,111,89,105,111,89,146,120,116,108,151,27
915,131,79,92,113,77,153,115,118,126,167,38
916,131,87,77,123,110,154,140,120,141,122,47
917,138,103,71,146,110,146,133,136,157,103,51
918,145,118,58,148,128,141,130,150,177,116,38
919,133,120,63,154,146,143,158,167,180,95,31
920,154,140,69,154,146,128,161,167,180,93,22
921,164,148,70,160,152,110,164,163,160,103,30
922,177,135,84,145,152,115,166,161,160,130,44
923,170,136,101,145,140,113,166,161,173,125,61
924,160,136,111,145,128,113,131,161,163,126,53
925,151,94,101,111,126,111,126,161,113,112,72
926,151,94,63,111,126,82,126,161,113,121,81
927,155,94,65,111,108,87,133,161,106,112,82
928,158,0,76,0,136,74,133,0,136,116,91
929,158,92,79,111,136,82,161,161,136,121,96
930,158,133,87,125,136,87,161,165,136,128,106
931,168,133,90,125,136,79,161,164,136,120,101
932,174,133,94,125,157,74,168,158,130,108,91
933,185,145,81,160,168,92,181,165,157,100,105
934,175,152,80,166,159,106,181,165,154,100,113
935,183,138,82,160,154,106,176,161,162,103,93
936,184,143,93,159,155,74,171,157,161,105,97
937,197,153,93,165,167,113,168,157,157,112,98
938,187,151,83,160,151,123,168,161,159,121,95
939,173,141,107,160,161,125,168,163,163,118,90
940,170,143,132,160,164,140,170,169,163,115,66
941,178,155,147,163,164,136,168,169,162,112,60
942,168,152,121,161,158,152,173,168,162,93,35
943,181,154,102,161,166,153,173,171,164,95,27
944,185,160,103,162,161,154,179,173,163,97,20
945,183,161,87,161,161,141,177,106,165,100,28
946,165,163,75,163,121,145,177,10,165,90,190
947,121,148,76,163,49,143,175,54,92,92,22
948,111,36,75,54,74,125,167,52,42,97,18
949,101,46,75,54,59,94,99,57,33,118,342
950,99,62,77,62,72,69,97,54,39,143,474
951,103,33,80,54,72,67,77,54,30,161,477
952,105,36,75,59,62,64,140,42,33,142,201
953,103,46,82,72,36,54,126,52,23,147,93
954,157,36,90,72,20,30,89,74,39,48,148
955,116,46,83,77,33,30,72,99,79,21,65
956,136,20,85,46,33,89,54,111,103,24,53
957,167,17,34,36,30,87,69,69,121,14,67
958,171,26,18,87,33,118,59,39,72,20,175
959,130,23,22,33,33,180,128,39,36,21,161
960,103,26,21,33,54,174,101,39,36,12,168
961,136,36,19,42,79,166,82,36,49,8,161
962,138,30,18,39,64,158,126,52,39,5,152
963,141,54,19,42,52,157,130,57,49,4,150
964,125,33,10,57,49,157,84,42,49,4,136
965,101,36,13,54,54,154,101,49,96,7,67
966,113,23,12,20,59,154,120,54,62,8,102
967,103,33,9,17,57,154,141,57,44,10,77
968,103,30,13,52,59,125,99,59,35,12,117
969,106,30,16,64,39,94,84,74,31,10,80
970,123,26,9,26,49,92,89,154,27,7,48
971,108,23,13,57,54,101,110,163,34,7,82
972,101,52,8,54,99,135,170,171,25,10,61
973,145,57,12,87,87,146,180,178,25,8,68
974,190,42,5,106,145,153,190,184,21,11,143
975,195,57,11,99,160,153,188,146,22,8,47
976,183,115,14,77,135,155,185,46,15,15,227
977,271,62,8,69,64,160,161,42,22,17,107
978,77,49,14,49,49,155,121,49,17,11,76
979,92,33,13,74,36,167,84,46,52,15,285
980,92,33,14,59,39,163,106,77,76,8,212
981,79,23,10,67,33,160,136,67,93,7,81
982,118,26,11,69,39,151,133,46,96,8,68
983,106,36,10,42,54,130,131,39,91,5,187
984,153,42,16,54,49,108,89,57,98,14,92
985,120,23,14,42,49,99,77,30,102,15,165
986,197,33,20,39,59,72,94,42,108,12,168
987,130,36,23,23,62,111,113,52,118,21,80
988,79,99,22,42,54,120,106,57,130,18,70
989,105,64,23,26,39,84,87,57,191,21,4
990,82,49,20,23,64,110,72,77,219,20,4
991,125,46,19,54,52,158,89,82,224,12,4
992,115,42,19,77,57,157,118,99,172,12,47
993,105,36,25,62,52,153,123,89,143,5,53
994,123,46,34,49,39,161,123,103,146,11,42
995,151,54,22,54,92,151,140,130,158,14,32
996,153,59,22,101,79,184,173,89,123,7,25
997,128,89,31,136,84,194,175,62,92,11,15
998,106,77,24,116,59,187,151,59,105,8,17
999,177,72,28,118,103,172,121,62,103,12,27
1000,101,84,35,111,59,172,97,84,87,14,27
1001,101,54,31,72,59,172,99,89,78,11,30
1002,97,62,26,77,64,168,82,92,77,11,27
1003,87,59,30,99,59,168,97,106,92,11,47
1004,82,72,35,94,77,168,94,97,120,12,63
1005,94,64,24,116,69,168,101,94,184,14,71
1006,131,74,22,123,82,168,125,106,223,28,83
1007,153,79,44,131,94,168,130,108,239,40,101
1008,167,87,39,121,87,178,126,111,240,40,138
1009,181,92,39,99,92,178,125,111,293,48,177
1010,146,97,32,110,94,178,115,94,312,53,202
1011,146,99,32,106,94,178,115,97,294,62,209
1012,398,99,32,69,115,178,92,94,301,68,191
1013,167,74,37,84,99,187,77,97,323,72,167
1014,154,82,57,105,106,187,108,97,404,80,202
1015,366,82,64,106,97,187,113,92,410,87,207
1016,391,74,60,99,105,187,118,113,359,112,226
1017,185,92,71,105,99,187,125,118,231,110,218
1018,180,92,68,105,115,195,113,128,242,116,241
1019,145,105,85,113,103,195,135,161,315,125,279
1020,158,101,83,106,121,195,156,150,323,127,313
1021,165,110,74,113,146,195,161,113,205,92,303
1022,171,125,75,136,150,195,158,110,217,77,253
1023,158,140,84,153,156,195,145,101,235,97,209
1024,136,120,106,148,123,195,126,106,146,122,118
1025,0,103,96,116,118,195,0,116,162,195,45
1026,193,97,101,130,110,193,135,153,185,93,112
1027,141,108,105,151,111,193,123,159,244,240,105
1028,152,125,101,151,106,193,141,166,262,246,130
1029,161,148,111,159,145,193,157,158,319,240,142
1030,173,158,146,174,152,193,164,157,362,220,148
1031,178,161,135,173,157,193,160,138,388,226,161
1032,359,162,126,168,153,199,154,143,403,223,211
1033,359,155,114,167,153,199,128,158,229,217,219
1034,203,126,93,155,151,199,131,158,81,210,221
1035,188,128,93,151,120,199,155,161,51,227,223
1036,294,128,96,151,153,203,155,161,51,243,222
1037,223,153,99,164,161,203,163,161,32,247,200
1038,226,153,58,164,161,203,163,161,22,214,200
1039,226,153,55,164,161,203,163,161,30,181,214
1040,193,153,47,164,173,203,163,161,21,170,222
1041,193,153,82,164,173,203,163,170,55,147,241
1042,206,153,129,164,173,203,163,159,82,116,223
1043,187,153,155,159,163,211,190,159,38,67,217
1044,174,155,150,160,163,211,161,160,27,55,203
1045,174,157,163,160,163,211,158,141,20,34,178
1046,163,141,166,143,154,211,159,163,30,53,120
1047,157,133,191,161,138,211,148,141,17,90,91
1048,157,143,204,161,156,211,158,141,20,154,86
1049,159,143,182,141,133,225,158,113,14,131,75
1050,257,94,129,130,133,225,116,99,18,135,60
1051,121,94,126,130,103,225,116,99,28,217,95
1052,130,130,117,135,115,225,113,126,58,238,128
1053,150,92,97,133,103,225,121,135,68,232,128
1054,150,120,78,113,103,215,121,130,96,207,127
1055,158,128,58,113,103,215,121,140,98,185,140
1056,171,145,45,121,120,215,131,140,98,170,137
1057,171,145,51,133,131,215,131,145,87,252,143
1058,155,151,68,141,131,215,146,125,88,288,147
1059,154,153,67,148,120,215,141,141,95,239,162
1060,160,123,71,152,135,201,148,138,111,223,140
1061,194,156,82,151,145,201,133,113,145,208,140
1062,168,151,93,151,154,201,128,116,205,188,146
1063,175,105,103,131,143,201,130,118,216,202,177
1064,152,125,100,126,128,201,125,113,233,213,210
1065,151,133,110,128,136,201,141,140,240,219,190
1066,157,148,125,136,136,201,151,156,234,221,135
1067,155,152,145,136,151,223,151,165,251,223,115
1068,160,154,169,151,151,223,161,164,209,231,110
1069,165,164,199,161,157,223,169,155,184,234,110
1070,178,162,206,164,166,223,161,156,191,236,150
1071,163,154,207,151,164,223,157,160,182,229,147
1072,265,154,209,152,161,199,158,157,151,231,171
1073,163,155,210,153,162,199,161,157,136,229,182
1074,165,161,214,158,167,199,168,160,122,232,155
1075,169,164,206,166,167,199,168,168,158,237,126
1076,173,167,206,170,170,199,170,164,208,273,112
1077,181,176,194,171,173,199,183,183,286,285,83
1078,187,182,142,223,177,120,183,180,314,284,76
1079,196,192,116,187,183,120,180,173,438,291,63
1080,206,196,102,193,193,120,177,167,436,268,63
1081,454,194,99,180,197,120,167,159,329,267,73
1082,198,140,110,237,187,120,156,135,338,284,73
1083,178,167,111,157,161,120,157,118,287,287,63
1084,164,111,100,153,163,120,131,110,281,281,55
1085,161,150,87,150,153,52,133,111,270,264,30
1086,155,133,93,153,151,52,118,105,255,259,4
1087,157,140,92,151,151,52,116,118,273,264,8
1088,151,120,89,151,154,52,140,135,299,265,14
1089,154,133,91,148,152,52,151,150,320,243,22
1090,164,151,96,152,151,10,151,161,336,213,14
1091,164,151,108,154,154,10,156,169,280,223,24
1092,171,155,117,155,158,10,160,165,225,232,32
1093,169,157,137,166,158,10,169,165,171,261,22
1094,174,165,149,186,161,10,169,177,130,285,20
1095,187,177,155,198,171,10,180,208,92,301,18
1096,195,185,164,205,176,46,177,193,97,304,28
1097,194,188,174,202,175,46,181,186,168,342,15
1098,194,194,167,200,178,46,188,195,228,343,25
1099,193,195,171,207,177,46,192,216,205,320,28
1100,196,199,192,212,187,46,202,227,190,319,37
1101,194,207,217,206,187,30,205,245,175,337,57
1102,217,208,205,206,192,30,226,258,190,416,58
1103,233,226,165,220,198,30,228,262,191,452,58
1104,242,238,132,237,192,30,239,262,207,456,47
1105,256,245,129,237,191,30,247,245,223,492,42
1106,262,730,112,236,204,36,234,246,291,500,40
1107,261,267,131,243,216,36,246,238,367,500,41
1108,270,272,156,256,224,36,226,234,397,494,52
1109,295,270,148,255,245,36,238,247,355,475,55
1110,275,263,133,244,254,36,249,246,393,430,60
1111,286,269,120,253,239,36,263,247,358,365,53
1112,309,210,130,256,249,20,269,413,319,357,60
1113,330,317,133,422,261,20,401,289,232,357,126
1114,425,335,151,439,346,20,214,217,107,370,333
1115,356,333,159,439,330,20,188,177,111,372,22
1116,182,206,174,236,330,20,172,177,142,382,31
1117,228,206,189,236,180,23,172,105,111,383,25
1118,228,202,192,221,180,26,151,179,85,416,15
1119,198,101,194,192,177,17,153,191,63,438,17
1120,196,161,195,198,172,36,182,209,152,494,14
1121,218,188,209,259,166,23,194,220,323,500,20
1122,268,197,211,266,191,20,198,224,397,472,28
1123,271,208,206,266,199,33,201,209,450,436,42
1124,278,220,213,263,204,30,201,218,476,423,40
1125,279,169,213,285,208,39,214,211,500,425,52
1126,307,151,212,278,215,20,213,214,500,436,44
1127,333,136,194,306,224,10,213,236,500,444,38
1128,336,143,125,312,231,13,216,231,500,442,38
1129,295,160,97,323,235,17,223,201,500,451,47
1130,310,151,112,406,230,10,229,215,500,445,55
1131,314,217,111,369,226,10,232,224,500,440,62
1132,339,217,138,369,190,17,232,237,500,447,58
1133,402,330,112,454,195,30,265,240,500,442,32
1134,344,373,130,452,210,23,279,225,498,432,7
1135,354,390,127,450,229,23,231,230,471,427,4
1136,366,390,124,450,241,23,231,199,489,410,7
1137,366,390,132,388,241,23,195,184,488,390,15
1138,373,390,143,388,234,23,184,184,447,385,17
1139,245,197,145,248,186,13,184,204,475,325,21
1140,236,188,141,266,170,20,188,204,449,239,14
1141,236,188,156,266,170,23,188,220,416,219,17
1142,236,194,166,261,175,30,193,238,400,237,24
1143,165,193,190,292,187,30,197,238,369,278,47
1144,203,214,217,318,171,46,207,231,379,282,58
1145,240,225,246,371,220,69,225,231,383,86,72
1146,240,225,269,371,222,79,225,218,407,111,78
1147,240,211,255,329,222,69,238,233,439,105,81
1148,246,211,224,337,232,87,294,266,436,113,78
1149,246,236,179,402,232,108,294,239,404,103,91
1150,301,272,177,438,245,116,343,218,402,110,90
1151,301,300,153,438,274,110,283,218,366,88,90
1152,311,300,134,468,272,64,283,254,354,112,96
1153,273,266,115,362,265,57,272,192,329,92,96
1154,245,196,123,292,229,54,245,172,251,92,93
1155,239,184,137,272,268,57,201,170,171,102,100
1156,190,183,131,265,180,46,187,189,93,108,121
1157,185,183,136,285,180,39,187,189,75,93,110
1158,189,183,138,285,168,39,187,189,77,73,105
1159,195,183,131,285,170,36,187,215,76,62,98
1160,195,186,121,280,192,49,194,215,85,57,80
1161,194,186,92,280,190,39,194,215,96,51,86
1162,194,186,86,280,192,30,194,225,102,47,61
1163,212,198,86,310,192,33,218,225,90,51,52
1164,233,198,60,310,194,49,218,225,145,61,65
1165,240,198,68,310,227,46,218,225,100,81,71
1166,240,198,84,310,204,33,218,225,117,92,73
1167,240,198,137,310,204,30,218,141,267,95,86
1168,180,145,141,169,182,42,209,74,330,101,113
1169,200,135,175,159,178,67,185,135,390,103,98
1170,213,173,192,171,195,67,193,99,418,101,90
1171,193,162,212,179,178,89,113,103,414,103,76
1172,165,116,216,160,125,106,113,103,392,105,77
1173,105,116,206,160,105,110,113,103,402,88,106
1174,105,116,210,160,105,108,113,128,400,77,85
1175,128,130,192,162,121,111,125,133,380,97,92
1176,135,131,221,161,97,138,145,148,407,101,97
1177,151,123,205,174,94,118,143,145,277,100,97
1178,141,126,178,187,131,99,120,108,111,93,116
1179,152,140,206,194,131,92,118,111,98,102,122
1180,154,125,215,205,101,94,111,103,101,125,131
1181,158,128,219,171,154,106,150,74,91,121,136
1182,157,52,232,171,151,101,138,64,83,97,147
1183,116,54,251,121,148,108,92,87,67,82,132
1184,103,64,262,133,99,106,92,39,63,90,125
1185,97,77,264,133,33,106,101,42,51,91,145
1186,113,99,264,133,101,106,120,17,38,83,146
1187,115,89,255,133,103,113,101,23,45,92,152
1188,131,108,257,64,77,118,72,62,66,107,158
1189,115,108,258,113,123,97,94,79,108,110,174
1190,115,133,258,136,94,106,123,77,98,106,143
1191,146,143,268,148,106,123,130,121,138,87,138
1192,153,136,296,148,111,135,136,89,205,88,157
1193,154,151,297,151,118,141,135,94,207,53,182
1194,155,150,297,151,128,148,111,141,235,53,210
1195,158,140,275,138,141,115,145,151,248,30,212
1196,154,138,282,146,123,116,151,121,194,21,233
1197,153,150,297,160,154,136,160,121,172,17,234
1198,165,150,301,160,126,143,160,164,133,28,244
1199,165,157,297,166,126,138,165,157,95,18,244
1200,168,167,289,168,165,128,174,157,93,22,244
1201,174,167,271,168,175,99,174,173,98,41,232
1202,178,169,243,179,162,77,164,173,120,34,224
1203,178,167,221,183,175,59,170,165,136,40,220
1204,168,164,204,188,172,92,164,158,131,85,233
1205,167,168,212,182,158,99,143,118,137,154,237
1206,162,87,226,105,160,108,87,54,180,180,281
1207,87,42,230,57,113,106,57,33,200,188,265
1208,67,36,261,33,74,101,59,67,178,158,245
1209,52,26,261,42,89,125,59,54,185,146,233
1210,49,23,267,20,57,138,54,54,211,150,237
1211,59,30,224,39,13,138,54,30,240,157,214
1212,64,13,214,49,46,131,42,89,246,201,205
1213,77,52,225,23,20,154,26,69,266,194,214
1214,74,39,215,46,54,157,36,57,282,168,208
1215,69,30,205,39,49,154,36,92,302,174,211
1216,89,39,194,46,42,156,72,108,270,182,211
1217,121,87,191,84,72,160,92,120,50,188,203
1218,118,97,201,94,105,168,106,125,35,201,203
1219,108,97,233,110,118,167,101,101,27,213,204
1220,120,113,237,115,110,157,108,138,28,226,204
1221,126,125,237,128,126,170,125,140,25,237,205
1222,146,131,216,145,140,167,125,157,24,237,213
1223,151,138,219,151,131,164,146,153,24,267,209
1224,150,135,191,158,121,172,151,157,14,302,200
1225,153,130,191,150,111,168,153,157,30,371,225
1226,165,133,164,153,115,180,155,163,14,392,227
1227,171,140,159,163,120,178,160,165,5,397,227
1228,164,148,197,174,128,176,164,170,10,393,243
1229,175,165,208,171,138,167,163,170,24,388,214
1230,167,126,216,168,141,151,158,153,28,354,125
1231,163,89,224,110,146,152,157,36,24,339,106
1232,148,57,193,110,131,160,111,92,8,307,100
1233,82,42,135,62,130,163,79,62,20,273,91
1234,74,42,129,54,110,158,77,92,11,272,80
1235,79,46,142,46,128,166,72,57,10,271,91
1236,94,54,164,64,160,174,74,82,15,254,105
1237,89,59,151,69,160,170,10,82,15,256,95
1238,79,77,126,79,160,175,10,64,4,285,188
1239,69,54,116,64,160,174,26,82,14,277,145
1240,77,69,105,94,160,173,59,89,7,266,138
1241,94,84,101,120,160,181,92,113,4,261,160
1242,105,87,116,152,160,182,103,123,7,260,160
1243,108,64,150,128,160,177,133,92,8,257,150
1244,89,64,175,120,160,189,103,120,12,235,127
1245,89,57,193,146,160,205,103,146,8,236,137
1246,135,89,206,152,160,194,87,130,12,248,132
1247,111,105,214,157,160,187,110,146,14,274,130
1248,125,113,204,158,160,195,92,150,18,312,136
1249,123,105,189,168,160,156,108,118,17,279,133
1250,130,89,170,135,160,84,97,87,17,290,120
1251,103,72,143,87,160,125,74,69,18,302,121
1252,105,54,168,84,160,120,79,82,17,302,125
1253,92,57,180,77,160,113,89,67,42,287,120
1254,92,39,177,77,160,113,62,54,56,306,113
1255,57,39,186,62,160,113,84,54,47,281,106
1256,64,49,198,62,160,128,54,49,38,297,97
1257,94,82,206,64,160,126,62,99,38,343,88
1258,110,97,212,84,160,89,74,52,30,316,95
1259,116,57,238,79,115,62,89,69,37,326,75
1260,154,84,258,92,153,101,82,99,44,334,91
1261,154,105,262,103,153,111,87,99,60,302,91
1262,126,105,252,128,153,130,106,99,50,287,88
1263,138,108,244,128,153,133,106,106,80,261,85
1264,138,106,193,136,153,120,115,123,83,277,111
1265,140,106,167,130,153,135,116,123,98,265,115
1266,143,118,156,130,153,161,116,135,157,262,97
1267,143,118,135,140,175,165,126,135,145,248,110
1268,145,106,144,140,175,160,126,120,161,248,110
1269,145,106,184,140,175,99,145,120,155,218,112
1270,123,106,170,148,175,95,145,120,182,223,121
1271,123,154,176,148,175,78,145,159,190,223,106
1272,123,154,174,163,177,55,150,159,178,236,110
1273,151,166,174,164,177,25,158,179,174,216,68
1274,154,163,97,170,175,13,178,177,237,243,70
1275,164,160,102,168,157,42,176,163,240,238,70
1276,183,150,116,168,115,13,157,151,236,219,58
1277,236,150,126,157,59,34,153,150,200,259,70
1278,295,141,108,157,42,57,152,154,211,240,73
1279,174,141,98,152,74,50,153,154,218,260,62
1280,171,141,104,155,87,46,154,154,222,258,66
1281,161,141,129,158,59,17,154,154,217,263,62
1282,161,141,131,158,74,53,154,154,221,279,80
1283,161,141,128,158,59,63,154,154,212,279,67
1284,161,141,125,158,77,63,154,154,192,177,91
1285,161,187,136,161,79,61,154,185,211,400,88
1286,161,189,136,185,69,63,175,184,218,424,111
1287,193,189,140,187,64,74,178,184,216,403,108
1288,193,189,112,187,74,102,178,184,227,339,115
1289,193,189,77,187,89,134,178,184,327,320,125
1290,193,198,43,215,103,137,178,188,358,358,122
1291,193,198,19,215,113,137,197,188,345,359,122
1292,193,232,10,215,113,137,197,235,427,331,141
1293,193,164,11,257,111,149,199,216,408,360,254
1294,228,64,13,105,123,151,201,125,404,344,254
1295,160,36,13,72,123,149,161,54,386,363,261
1296,113,54,5,103,128,151,87,46,398,360,244
1297,97,64,12,103,116,152,62,52,311,378,107
1298,97,74,22,101,62,155,57,54,302,363,107
1299,106,57,25,79,154,160,74,49,311,381,73
1300,170,33,25,84,171,160,62,57,290,369,78
1301,99,46,12,69,152,152,57,26,292,355,78
1302,92,67,16,62,121,152,64,84,305,395,73
1303,77,54,15,67,126,156,62,10,316,404,96
1304,74,67,11,69,126,158,59,49,320,448,86
1305,67,72,16,79,126,157,62,54,284,448,120
1306,84,74,22,97,138,155,46,64,268,422,142
1307,123,74,17,94,150,158,69,101,305,436,155
1308,118,84,9,115,143,157,72,97,321,488,135
1309,136,97,13,113,143,159,87,113,336,495,135
1310,128,84,16,101,135,159,92,128,395,475,116
1311,123,101,11,87,113,154,108,150,420,468,91
1312,155,126,13,110,116,169,151,153,155,335,58
1313,157,126,13,155,128,167,151,153,155,335,52
1314,153,123,28,155,121,174,151,155,92,107,32
1315,153,128,33,153,115,183,138,155,63,107,41
1316,120,128,41,153,115,198,138,140,53,87,52
1317,120,166,49,194,89,197,103,159,30,40,68
1318,101,169,51,180,106,191,136,168,42,31,61
1319,161,153,40,183,106,191,160,155,58,27,57
1320,164,153,33,191,118,189,167,128,34,15,57
1321,172,153,45,191,126,183,153,131,31,22,52
1322,172,153,83,176,116,184,115,131,32,25,41
1323,164,153,48,174,116,183,115,133,62,25,55
1324,164,153,44,173,123,185,126,113,58,15,55
1325,158,163,48,183,128,187,125,121,152,18,52
1326,169,153,46,180,138,185,128,108,242,30,57
1327,162,153,56,160,87,180,118,108,227,22,66
1328,155,123,53,138,110,180,118,118,154,20,65
1329,155,133,65,133,110,173,125,121,25,20,52
1330,145,133,69,130,123,173,116,121,20,15,60
1331,159,155,73,130,125,173,113,125,12,20,66
1332,158,116,78,141,125,162,106,101,10,21,75
1333,471,94,85,135,128,153,115,89,11,15,58
1334,184,99,98,116,126,117,126,94,4,10,56
1335,130,97,97,105,135,112,120,89,22,12,82
1336,130,105,103,150,150,99,89,84,58,22,60
1337,130,115,91,150,150,72,105,101,66,25,47
1338,130,105,71,135,155,95,131,115,95,51,66
1339,133,116,29,120,160,134,126,115,93,77,76
1340,131,116,12,146,159,161,138,123,72,68,83
1341,128,110,12,128,158,172,126,140,68,63,83
1342,130,118,5,145,158,172,130,140,70,65,100
1343,126,140,4,154,158,177,136,161,76,101,100
1344,136,153,4,151,161,183,154,136,76,108,112
1345,157,123,4,158,158,182,138,116,100,61,130
1346,159,105,4,156,158,180,115,77,110,63,131
1347,159,105,5,135,157,171,87,77,142,67,115
1348,153,130,7,135,167,155,87,126,88,58,106
1349,153,128,25,155,168,157,87,133,52,72,122
1350,246,126,42,158,170,157,111,157,41,96,137
1351,160,141,60,154,178,119,121,153,61,92,112
1352,145,143,77,151,184,107,108,156,58,106,110
1353,146,152,116,154,184,114,136,146,53,101,113
1354,151,150,170,156,187,144,143,152,73,111,118
1355,162,151,201,152,187,170,141,161,93,135,112
1356,164,161,151,160,187,170,151,166,105,116,112
1357,162,161,132,163,187,170,156,164,116,90,83
1358,165,160,128,164,187,195,163,153,137,97,93
1359,170,153,132,166,189,188,156,157,127,115,105
1360,160,155,129,155,189,190,161,162,130,115,110
1361,161,155,96,161,197,200,167,162,138,91,113
1362,173,163,78,161,190,220,167,162,142,85,121
1363,173,174,98,161,185,221,167,176,147,83,133
1364,173,174,90,178,184,251,166,176,142,125,140
1365,173,173,71,178,184,228,166,183,136,195,182
1366,173,169,60,186,200,200,158,190,133,201,143
1367,175,181,60,185,200,174,178,174,137,215,147
1368,181,185,57,187,200,137,178,175,161,190,192
1369,181,190,60,185,216,124,178,175,167,164,170
1370,191,190,58,188,231,152,175,180,137,110,165
1371,191,194,57,194,232,159,175,181,141,80,164
1372,194,183,111,193,213,160,180,170,174,98,161
1373,196,183,94,183,195,165,170,170,102,80,158
1374,188,183,61,183,197,177,170,170,180,38,167
1375,188,183,62,177,202,182,170,170,207,21,167
1376,188,183,68,175,202,180,170,170,194,4,206
1377,188,178,69,177,198,192,170,176,187,21,170
1378,188,178,75,178,171,190,180,178,227,4,170
1379,195,194,72,181,158,184,185,180,145,17,228
1380,195,198,74,195,158,172,191,181,32,4,212
1381,208,198,74,200,160,160,191,187,11,25,242
1382,204,198,90,200,160,157,181,188,12,45,224
1383,191,198,109,212,159,154,182,188,11,57,182
1384,191,212,123,212,154,157,182,213,28,62,228
1385,191,212,133,221,106,160,197,213,37,82,221
1386,200,212,125,221,108,162,197,213,35,103,212
1387,200,224,111,221,106,163,197,235,21,147,165
1388,200,235,71,239,128,170,240,232,18,165,108
1389,247,221,71,239,128,176,223,231,11,172,100
1390,253,197,63,244,110,179,215,195,17,182,71
1391,218,186,74,198,151,177,198,187,28,154,80
1392,205,190,93,197,120,177,180,184,31,147,91
1393,203,194,99,213,118,174,175,173,68,147,92
1394,213,181,80,208,118,181,170,146,95,168,103
1395,204,181,84,181,125,180,161,146,76,155,88
1396,177,162,92,181,154,183,151,128,83,145,91
1397,177,153,120,160,164,181,154,125,63,127,101
1398,165,160,128,154,171,179,158,140,65,140,96
1399,155,163,128,161,187,180,160,145,70,197,86
1400,160,148,138,164,184,183,158,110,62,201,95
1401,163,150,145,155,156,155,153,105,57,192,93
1402,162,120,146,146,110,85,153,118,66,197,82
1403,159,92,187,146,111,61,121,49,80,203,70
1404,136,74,209,136,92,63,111,92,75,187,68
1405,108,69,208,84,77,50,120,111,81,172,73
1406,105,89,217,87,77,50,131,115,78,177,58
1407,123,89,167,87,87,21,116,115,92,195,48
1408,141,92,119,87,89,38,116,97,88,201,68
1409,141,92,114,126,54,42,140,97,91,230,60
1410,143,101,106,126,36,57,140,105,88,141,63
1411,143,115,85,151,33,53,131,123,87,254,81
1412,151,126,76,151,39,97,138,123,101,190,92
1413,148,154,66,155,39,158,120,125,86,180,107
1414,151,130,59,155,52,102,133,121,86,194,116
1415,153,135,63,160,52,91,156,126,87,160,115
1416,163,135,66,161,52,107,160,126,87,227,130
1417,166,172,72,174,57,112,169,179,120,241,138
1418,166,178,25,172,69,104,190,193,126,245,111
1419,193,156,29,179,72,99,198,172,155,222,143
1420,196,123,34,237,74,97,172,158,194,252,148
1421,193,89,33,329,74,78,136,105,208,281,150
1422,155,30,36,191,74,65,106,106,238,308,142
1423,133,30,41,157,97,70,62,106,246,335,133
1424,0,77,40,157,97,91,62,110,264,342,128
1425,138,77,50,128,101,129,87,82,269,347,91
1426,154,79,49,148,103,157,69,94,281,342,71
1427,121,42,59,121,116,165,54,62,319,296,10
1428,126,57,45,87,116,167,57,54,349,253,83
1429,111,30,44,101,110,166,46,52,317,254,72
1430,84,30,61,77,110,159,30,52,320,265,80
1431,87,30,60,77,110,169,30,52,347,268,90
1432,87,30,61,77,110,165,30,17,298,269,103
1433,87,30,61,140,110,159,52,17,259,263,68
1434,432,30,43,140,135,174,52,17,292,266,42
1435,432,52,41,140,135,172,52,67,318,279,37
1436,432,84,47,123,135,166,57,82,215,292,4
1437,136,74,38,123,135,165,82,82,80,266,5
1438,140,82,42,110,135,165,87,89,44,235,38
1439,126,87,61,110,135,173,120,105,44,58,32
1440,128,87,78,111,135,177,105,105,47,8,14
1441,138,89,72,111,157,183,105,113,72,11,67
1442,138,74,92,143,153,189,72,87,41,22,56
1443,138,111,127,121,160,187,94,87,18,20,48
1444,128,115,127,136,159,195,138,140,17,14,53
1445,151,103,106,146,166,197,143,111,30,4,60
1446,151,103,94,140,166,193,97,111,15,4,86
1447,140,103,93,140,166,193,97,111,20,4,96
1448,140,103,50,140,170,195,97,111,20,4,96
1449,133,106,13,140,170,212,97,111,32,8,118
1450,133,106,14,128,180,213,97,121,30,7,135
1451,133,106,7,128,183,213,97,121,138,8,154
1452,133,121,4,135,191,202,97,133,204,8,167
1453,133,121,5,131,198,216,121,133,174,15,148
1454,156,121,6,131,194,215,121,133,161,8,75
1455,156,121,4,131,174,197,121,133,127,18,55
1456,156,121,4,131,155,214,121,133,161,5,60
1457,156,121,4,131,153,219,121,133,344,8,66
1458,156,121,4,131,175,226,121,133,375,10,56
1459,156,154,5,163,177,239,121,155,258,4,55
1460,156,158,9,162,172,257,133,164,248,4,58
1461,161,160,17,168,170,257,171,168,211,4,61
1462,173,166,19,174,173,272,164,171,148,4,93
1463,174,163,31,187,150,264,153,171,157,4,78
1464,179,163,44,173,123,192,168,174,237,4,75
1465,177,163,53,175,105,162,164,171,210,10,98
1466,181,143,53,174,97,114,167,176,206,10,98
1467,185,172,63,178,99,91,172,174,195,4,90
1468,180,171,75,180,99,107,172,177,148,37,95
1469,194,181,62,182,99,129,170,190,136,12,108
1470,183,185,42,191,99,132,182,197,142,34,88
1471,193,191,37,196,99,153,187,219,155,25,96
1472,201,187,26,217,110,152,202,206,138,34,102
1473,213,172,22,201,92,158,204,165,152,34,107
1474,222,157,14,187,103,167,175,157,164,50,117
1475,184,136,7,164,120,168,130,141,195,37,128
1476,167,187,8,153,133,185,131,185,209,55,123
1477,161,180,7,182,120,194,189,163,214,67,138
1478,222,167,7,172,92,202,189,167,220,70,157
1479,222,161,25,167,118,205,173,153,228,71,175
1480,174,167,52,175,123,185,165,99,228,50,192
1481,184,133,51,150,148,211,159,108,240,4,207
1482,166,115,43,141,138,226,125,10,233,12,146
1483,136,120,53,123,148,200,118,87,225,4,242
1484,123,94,49,121,155,193,69,89,218,10,241
1485,136,115,47,103,169,171,46,89,235,7,220
1486,136,108,60,77,169,157,89,79,244,7,207
1487,110,108,51,87,174,164,94,89,226,5,201
1488,130,72,22,115,177,161,94,72,221,12,205
1489,121,82,15,115,177,163,174,79,228,22,190
1490,111,77,29,130,166,169,135,89,225,21,177
1491,130,74,31,108,166,169,197,155,225,10,173
1492,123,87,36,133,166,164,84,158,223,17,190
1493,97,111,27,133,166,161,94,154,234,4,199
1494,111,130,33,161,178,157,87,151,227,5,196
1495,111,141,54,170,219,142,99,154,172,4,207
1496,115,146,49,170,223,154,126,154,164,4,225
1497,159,123,44,170,214,172,138,146,157,4,230
1498,160,135,53,123,204,183,164,146,146,4,228
1499,154,131,66,151,230,184,161,164,120,21,238
1500,151,121,65,151,275,176,161,168,133,34,216
1501,151,154,32,158,248,160,130,190,137,32,131
1502,151,157,52,167,191,82,150,185,133,37,114
1503,171,184,74,166,148,13,158,187,136,61,114
1504,178,189,74,186,148,46,157,177,127,82,114
1505,183,191,54,195,148,59,186,177,141,86,114
1506,184,191,28,212,103,53,160,177,154,90,108
1507,184,191,31,212,103,42,160,170,161,92,116
1508,177,163,47,212,198,59,160,170,172,103,117
1509,177,163,47,167,198,57,170,170,190,97,105
1510,173,163,74,167,198,55,170,170,209,105,57
1511,173,163,41,188,198,87,170,197,203,111,54
1512,173,186,35,201,198,82,170,264,190,115,66
1513,173,252,34,234,198,139,184,282,167,96,120
1514,198,255,43,257,198,117,211,301,118,96,120
1515,196,280,56,286,198,65,205,301,72,98,120
1516,215,289,55,308,198,59,226,304,27,80,120
1517,261,289,57,317,84,63,248,316,17,41,120
1518,264,288,71,301,84,53,269,279,20,22,135
1519,301,245,89,290,84,57,304,210,12,21,145
1520,301,195,102,255,92,46,306,210,18,11,135
1521,302,195,110,255,101,55,203,210,7,15,119
1522,214,195,94,209,101,55,203,210,7,48,107
1523,214,195,70,209,101,50,203,146,22,48,104
1524,214,110,63,99,79,65,105,146,21,63,91
1525,105,110,50,106,79,80,125,280,25,40,108
1526,126,209,54,175,79,80,125,180,17,55,115
1527,126,209,121,201,131,85,160,180,21,73,126
1528,239,209,127,201,135,78,162,180,18,95,134
1529,239,209,84,163,153,68,162,180,24,101,128
1530,239,209,84,145,169,76,162,180,48,127,132
1531,239,209,65,145,168,80,162,180,37,160,134
1532,239,209,76,125,161,109,162,180,34,143,123
1533,239,209,99,101,155,112,162,180,10,121,127
1534,239,209,89,150,155,114,162,161,11,131,126
1535,239,72,86,136,153,87,162,161,7,162,138
1536,239,89,114,155,155,117,161,161,4,145,141
1537,239,89,127,148,153,124,154,155,18,141,137
1538,146,131,145,162,157,112,154,128,12,161,145
1539,146,121,145,164,158,95,171,128,7,172,159
1540,154,121,196,158,163,109,170,161,4,195,177
1541,154,125,259,150,179,119,170,158,14,211,201
1542,154,97,125,136,170,104,170,158,4,216,187
1543,154,97,31,136,170,127,133,158,18,227,160
1544,150,97,35,87,170,154,69,140,4,229,166
1545,150,131,43,87,182,160,69,164,4,232,131
1546,150,153,47,87,175,161,69,164,4,213,103
1547,410,155,52,163,173,157,151,170,17,202,104
1548,239,160,61,160,175,154,156,167,15,228,107
1549,280,158,57,174,179,142,155,125,15,228,134
1550,182,159,59,165,177,109,155,158,14,206,123
1551,433,153,56,164,180,78,143,161,17,211,114
1552,612,153,51,161,194,99,148,160,12,234,112
1553,245,152,45,160,201,104,150,157,52,152,112
1554,168,154,30,161,201,114,150,157,31,91,126
1555,345,150,38,161,185,129,159,128,10,44,133
1556,262,143,46,154,183,142,162,154,15,40,132
1557,165,159,63,157,157,157,158,164,11,21,142
1558,163,160,74,167,154,155,165,181,12,45,147
1559,177,175,86,177,150,163,159,174,10,170,156
1560,176,178,95,187,123,159,171,174,11,185,167
1561,187,169,108,180,116,162,180,171,15,160,179
1562,186,170,85,184,77,165,169,190,8,152,199
1563,190,183,71,187,94,159,190,187,8,133,212
1564,187,178,90,193,131,158,173,187,4,148,230
1565,192,174,104,183,148,162,190,190,11,160,241
1566,187,178,65,183,136,161,188,197,15,204,236
1567,187,177,50,175,136,163,188,213,18,181,239
1568,181,179,47,185,145,160,185,235,14,152,232
1569,184,188,40,185,131,165,193,228,11,168,250
1570,190,181,40,196,108,161,221,187,22,118,233
1571,206,190,51,207,115,165,234,184,68,113,262
1572,222,193,51,211,126,168,205,188,102,113,254
1573,243,177,51,200,133,172,193,154,102,110,246
1574,215,157,51,193,151,179,184,153,120,125,177
1575,197,148,51,163,151,178,166,145,100,98,203
1576,187,143,51,153,168,171,159,146,121,100,121
1577,158,133,51,157,168,180,154,136,117,88,85
1578,160,128,128,143,168,172,153,115,117,77,80
1579,154,111,128,130,171,171,151,128,128,60,67
1580,151,116,116,115,174,181,136,140,187,30,54
1581,131,120,107,125,174,183,121,152,194,22,46
1582,123,133,103,136,174,185,136,150,157,25,48
1583,133,110,102,143,174,176,131,152,117,60,43
1584,141,143,97,148,174,181,141,152,132,75,40
1585,151,133,103,153,174,178,153,145,178,81,37
1586,143,130,96,153,174,171,153,105,132,77,26
1587,143,97,101,133,174,172,146,151,121,76,42
1588,136,123,101,131,174,171,125,120,107,90,56
1589,151,101,97,133,174,181,152,126,103,108,60
1590,153,121,97,150,174,178,126,140,96,120,44
1591,161,121,109,150,161,169,153,150,83,126,50
1592,171,131,121,158,164,188,153,150,87,97,40
1593,171,131,134,157,175,193,155,153,92,135,31
1594,173,136,142,157,165,189,155,153,97,116,29
1595,173,136,141,156,161,221,158,153,117,135,29
1596,174,136,155,158,146,198,158,170,128,143,54
1597,174,158,175,160,146,192,158,170,217,160,42
1598,174,161,180,167,146,179,163,170,230,171,42
1599,184,161,173,168,146,178,164,170,215,187,33
1600,181,161,137,177,146,175,164,170,185,168,33
1601,181,161,107,169,146,177,164,170,210,171,59
1602,181,161,85,165,130,173,164,170,239,170,68
1603,181,161,81,165,99,171,164,170,236,177,82
1604,181,161,66,167,164,173,164,170,213,187,92
1605,181,161,69,163,164,171,164,170,198,195,111
1606,181,161,176,163,158,171,164,170,205,206,88
1607,181,161,229,166,123,167,164,170,211,212,94
1608,181,161,179,165,101,169,164,151,210,210,113
1609,181,155,164,167,36,160,164,157,225,207,119
1610,181,174,170,168,10,164,153,164,228,253,154
1611,177,167,176,173,23,167,157,170,229,268,128
1612,190,180,182,180,10,180,165,173,190,280,125
1613,189,164,186,182,10,183,180,146,168,295,145
1614,187,131,189,161,20,183,160,146,138,282,123
1615,162,131,196,151,42,184,160,146,112,288,128
1616,141,131,196,146,42,189,160,146,110,111,125
1617,141,131,198,145,17,192,160,146,130,202,119
1618,141,131,209,140,17,192,160,146,145,221,87
1619,141,131,209,138,23,182,160,92,165,215,82
1620,141,111,219,123,62,185,160,92,191,72,153
1621,141,87,199,118,72,200,133,172,117,14,210
1622,151,135,211,118,72,187,106,172,113,17,255
1623,151,161,205,138,82,177,160,181,115,14,167
1624,164,160,199,164,82,182,161,181,122,8,87
1625,179,143,206,161,54,190,155,135,118,11,89
1626,181,99,221,161,26,183,155,87,121,12,97
1627,181,39,241,131,84,188,113,52,123,11,79
1628,123,20,319,77,72,179,64,33,135,15,86
1629,64,10,373,36,118,181,79,46,128,11,63
1630,13,13,453,26,110,182,46,57,112,12,51
1631,54,26,172,33,135,181,13,64,117,11,51
1632,33,23,203,17,135,180,13,10,113,15,56
1633,89,23,374,26,120,178,10,10,115,11,58
1634,36,23,250,26,103,190,10,10,110,12,54
1635,36,36,189,33,111,193,67,10,87,11,62
1636,62,10,103,33,113,194,36,10,85,15,56
1637,79,20,156,30,120,188,30,10,97,12,16
1638,77,23,159,30,111,174,10,10,97,10,31
1639,77,23,166,23,120,149,92,10,101,14,27
1640,26,23,164,26,141,70,92,23,101,15,19
1641,49,33,164,26,150,63,92,23,111,14,20
1642,49,33,64,67,164,82,92,39,116,20,23
1643,62,10,64,67,174,63,92,54,121,17,13
1644,62,59,51,52,153,55,79,72,122,21,22
1645,39,52,126,42,141,13,64,64,121,38,24
1646,72,82,126,52,141,55,82,94,123,57,25
1647,106,97,170,77,141,13,99,120,135,65,32
1648,108,99,116,97,141,13,92,125,132,55,46
1649,118,113,116,110,154,46,99,130,133,25,56
1650,140,118,134,125,155,42,116,133,127,21,90
1651,131,111,114,125,155,55,131,138,127,20,70
1652,141,110,134,155,151,99,130,136,125,31,54
1653,141,131,134,165,138,147,138,146,101,27,58
1654,153,146,180,168,120,122,141,155,111,21,53
1655,158,140,192,170,120,114,150,160,115,22,30
1656,174,133,192,152,145,124,162,170,126,37,27
1657,160,138,192,143,143,127,161,168,127,31,15
1658,167,136,193,135,161,144,171,167,151,30,18
1659,164,133,194,156,165,117,167,166,167,27,29
1660,169,164,194,154,172,99,178,116,152,20,16
1661,180,167,215,164,173,85,168,116,145,31,20
1662,197,157,216,157,188,95,143,118,58,18,12
1663,131,108,226,157,177,104,97,118,28,27,16
1664,131,108,239,133,177,91,118,118,25,17,60
1665,118,108,263,133,178,97,118,118,17,30,25
1666,118,108,263,133,175,104,118,128,12,35,32
1667,118,141,271,133,174,147,118,130,21,45,33
1668,118,141,280,153,181,147,138,130,24,53,30
1669,171,136,280,153,184,137,173,111,17,62,39
1670,159,126,290,141,180,99,120,116,12,31,39
1671,152,111,302,126,185,61,116,150,12,50,48
1672,136,108,302,118,178,95,113,133,12,32,66
1673,128,113,328,116,178,87,116,152,14,22,65
1674,133,123,328,121,175,97,126,158,12,17,66
1675,145,138,342,141,178,139,148,154,8,10,70
1676,158,154,337,151,181,154,155,151,11,15,78
1677,169,159,337,160,187,119,153,151,8,15,101
1678,175,163,203,163,187,99,155,155,12,18,95
1679,178,167,164,165,190,112,155,160,11,12,85
1680,176,174,164,172,191,109,157,161,12,21,78
1681,180,174,74,179,219,117,163,173,15,22,85
1682,193,174,35,180,219,124,163,170,20,17,111
1683,193,178,35,183,219,122,163,163,17,20,99
1684,191,176,35,186,219,119,173,167,18,14,63
1685,196,174,26,181,219,142,177,172,4,20,63
1686,200,173,26,171,219,137,177,176,4,31,76
1687,194,186,23,183,219,151,178,179,12,22,92
1688,199,175,32,188,219,142,173,178,8,22,100
1689,197,176,32,180,219,149,173,173,8,27,93
1690,198,180,16,184,219,142,171,171,18,28,89
1691,200,180,16,182,219,147,167,170,18,42,89
1692,194,175,16,185,219,152,167,172,37,44,96
1693,190,169,16,177,219,137,165,174,25,18,80
1694,197,180,106,188,64,119,175,178,32,18,84
1695,195,185,106,212,108,158,175,178,32,18,86
1696,195,185,113,210,136,160,174,190,24,12,98
1697,198,193,113,210,153,149,174,187,17,18,103
1698,198,194,129,212,156,144,181,194,11,11,98
1699,210,198,161,220,163,137,185,221,15,15,86
1700,218,191,178,220,163,151,192,221,7,11,91
1701,254,191,181,197,185,155,190,221,5,24,92
1702,243,191,186,197,228,155,190,221,8,45,104
1703,243,191,152,197,286,158,190,221,11,51,117
1704,243,191,152,197,260,155,190,221,10,37,124
1705,243,191,123,197,260,156,190,221,20,8,120
1706,243,191,94,197,245,158,190,221,18,10,118
1707,243,191,74,197,285,157,190,221,18,15,108
1708,243,191,74,197,294,160,190,221,18,22,101
1709,243,191,124,197,289,162,190,221,17,21,99
1710,243,191,124,197,291,157,190,126,8,15,91
1711,243,191,158,197,262,127,190,116,20,24,79
1712,243,136,158,197,220,50,190,155,7,25,103
1713,243,99,183,153,213,25,133,153,14,30,61
1714,164,136,183,111,193,13,138,159,14,21,60
1715,140,145,203,143,191,13,150,165,27,30,54
1716,170,118,209,158,191,30,158,178,41,35,58
1717,173,141,209,158,176,38,165,202,45,44,63
1718,173,154,289,160,181,13,167,220,45,35,69
1719,171,173,289,170,188,13,178,234,67,22,77
1720,178,212,340,198,192,38,202,277,72,25,71
1721,286,277,383,256,195,25,218,264,71,30,81
1722,254,275,383,297,223,13,261,315,86,38,57
1723,314,281,406,274,223,25,290,317,137,51,111
1724,344,259,401,274,223,42,313,307,195,50,59
1725,363,271,362,303,250,59,294,278,204,62,58
1726,363,314,304,326,250,59,309,198,216,63,57
1727,351,303,284,345,250,93,305,196,213,80,63
1728,347,257,284,341,250,95,301,183,262,85,65
1729,350,257,284,284,250,70,280,183,222,93,80
1730,315,197,284,237,196,61,240,229,227,100,80
1731,275,194,311,222,181,34,213,229,180,95,82
1732,249,194,311,211,181,30,199,203,162,95,83
1733,218,190,373,211,181,13,201,193,143,88,93
1734,218,170,373,209,178,30,201,195,165,85,85
1735,223,174,360,193,178,25,212,195,167,85,88
1736,215,183,360,221,46,63,246,197,158,77,79
1737,215,204,365,246,46,53,222,212,168,90,79
1738,228,206,365,247,105,53,217,238,171,105,81
1739,232,207,336,247,115,38,211,248,161,95,98
1740,236,216,336,269,115,25,192,258,218,81,71
1741,249,216,406,266,133,13,196,258,201,65,92
1742,251,200,394,268,133,34,235,258,212,56,64
1743,271,220,355,268,145,13,235,258,235,31,55
1744,271,220,298,243,146,13,260,258,274,30,51
1745,298,220,221,243,140,13,260,192,322,21,52
1746,298,220,217,243,113,13,260,177,309,21,67
1747,298,220,235,243,113,34,260,177,318,20,71
1748,298,169,196,243,110,74,260,177,379,28,63
1749,298,188,196,187,110,74,190,185,321,25,58
1750,193,188,186,188,113,85,182,188,314,68,57
1751,198,188,186,188,126,104,182,89,282,170,54
1752,198,131,176,188,125,59,182,103,210,201,50
1753,198,131,176,177,125,30,181,97,157,141,35
1754,184,131,176,183,113,13,186,74,146,121,32
1755,197,131,173,171,113,50,57,74,142,105,27
1756,110,131,177,171,113,38,57,168,125,103,17
1757,110,131,173,103,113,89,123,163,138,106,14
1758,153,108,170,116,113,93,106,126,208,115,4
1759,152,108,170,116,113,102,106,130,157,118,11
1760,152,108,183,116,99,93,89,165,92,120,9
1761,152,108,183,121,99,112,89,146,86,154,17
1762,146,128,191,105,99,97,128,140,67,197,6
1763,153,128,191,116,99,74,141,154,87,215,30
1764,155,128,180,123,97,13,153,187,120,215,24
1765,150,152,179,153,97,30,138,182,222,191,27
1766,152,152,180,150,125,34,135,182,258,187,47
1767,151,152,181,157,125,34,151,170,286,197,45
1768,159,167,179,161,125,30,155,146,291,212,37
1769,161,167,179,161,140,46,154,146,285,217,53
1770,157,167,194,158,140,30,168,146,251,226,56
1771,157,160,190,153,160,46,165,146,227,213,44
1772,128,160,190,153,160,61,165,155,216,174,43
1773,128,146,183,87,165,68,151,155,210,108,52
1774,136,146,196,87,165,68,151,155,208,182,64
1775,136,148,203,106,145,78,151,155,216,257,66
1776,135,148,213,106,145,93,151,152,218,283,65
1777,135,155,213,106,105,89,151,152,212,255,83
1778,135,155,239,106,105,109,151,152,204,290,36
1779,135,155,246,128,128,97,110,163,222,276,30
1780,135,158,249,128,128,95,110,163,218,275,27
1781,135,158,239,128,151,82,110,163,207,244,28
1782,135,159,253,128,151,70,110,183,217,246,25
1783,135,159,256,156,151,68,154,183,170,281,42
1784,162,159,266,156,166,80,154,183,243,246,31
1785,162,165,308,156,166,89,154,143,253,292,38
1786,162,165,357,162,166,68,153,143,295,264,51
1787,148,180,394,162,180,70,153,57,292,287,65
1788,148,180,403,162,180,107,153,57,314,299,94
1789,148,169,413,165,173,122,175,52,298,302,92
1790,182,169,426,165,173,109,175,52,279,295,84
1791,182,141,425,165,165,109,175,135,261,284,84
1792,182,141,414,158,165,151,159,135,224,287,58
1793,161,141,387,158,120,127,159,136,216,234,91
1794,161,141,386,148,120,132,120,136,206,168,64
1795,126,141,380,148,120,124,120,136,213,214,63
1796,126,141,363,150,120,142,92,154,215,225,73
1797,121,141,363,150,120,144,92,154,233,229,86
1798,121,141,249,152,120,164,115,154,242,203,81
1799,123,141,249,152,120,179,115,162,248,236,83
1800,123,141,196,158,120,177,125,162,278,251,111
1801,135,141,154,158,120,184,125,168,280,265,122
1802,135,141,143,158,120,173,125,168,246,269,132
1803,135,141,101,169,120,169,126,179,276,272,149
1804,146,141,39,169,120,170,126,179,304,271,135
1805,146,141,35,169,120,170,126,158,336,264,96
1806,146,141,35,169,120,169,140,158,334,269,82
1807,157,141,114,169,120,172,140,158,328,292,57
1808,157,141,74,179,120,165,160,158,344,263,48
1809,184,141,16,179,120,164,160,158,370,225,51
1810,184,141,29,173,120,168,161,158,500,235,36
1811,172,140,13,173,120,182,161,158,500,244,93
1812,172,138,23,155,138,185,153,158,500,247,57
1813,153,145,10,155,143,185,153,158,500,245,43
1814,153,167,273,155,145,185,153,158,500,247,32
1815,153,171,273,155,135,186,153,158,500,246,34
1816,153,183,273,155,131,246,153,158,500,232,42
1817,153,187,287,155,131,271,153,158,500,221,43
1818,153,180,287,155,171,292,153,158,483,198,35
1819,153,145,227,155,171,292,153,158,452,218,35
1820,153,145,218,155,173,302,153,158,444,165,37
1821,153,145,206,155,173,312,153,158,445,145,26
1822,153,145,202,155,173,329,153,169,441,126,23
1823,153,145,202,155,173,335,153,165,456,130,20
1824,153,145,240,155,173,318,153,170,476,138,17
1825,153,145,240,155,173,268,153,171,466,222,19
1826,153,145,236,155,173,269,153,182,456,187,23
1827,153,145,236,155,173,255,153,185,453,205,18
1828,153,194,227,155,173,253,153,195,442,242,16
1829,153,194,227,155,173,260,153,197,418,252,19
1830,153,194,232,155,115,266,148,194,428,254,28
1831,153,194,272,155,115,272,138,194,434,255,15
1832,153,194,272,153,115,267,143,194,447,281,10
1833,150,194,295,170,115,285,148,194,446,317,27
1834,138,187,290,184,115,302,177,194,500,343,16
1835,138,192,290,178,115,322,180,194,500,369,31
1836,92,198,295,192,115,329,178,194,500,391,29
1837,125,185,295,193,120,334,176,194,500,395,42
1838,163,148,294,185,106,344,184,194,500,349,36
1839,174,123,298,126,94,340,184,198,482,344,34
1840,188,123,298,126,84,317,184,198,500,334,49
1841,178,123,296,126,87,305,184,198,500,317,57
1842,178,123,295,126,108,305,184,198,488,345,59
1843,178,123,303,126,108,305,184,198,471,376,59
1844,178,92,300,126,108,306,184,198,457,397,75
1845,178,116,292,126,108,306,184,228,442,356,70
1846,178,146,292,126,77,306,184,215,442,365,37
1847,178,151,293,126,116,306,226,196,426,371,37
1848,178,151,312,126,138,306,226,165,388,379,37
1849,178,151,343,126,141,306,226,113,373,389,21
1850,178,151,343,126,141,306,226,72,374,424,69
1851,178,82,339,126,141,306,226,72,345,418,68
1852,178,64,339,126,141,306,226,72,317,412,77
1853,178,67,339,126,74,306,226,72,280,404,93
1854,178,101,339,126,54,306,140,130,289,400,113
1855,178,99,345,126,72,306,131,155,335,345,132
1856,166,92,358,126,97,306,118,163,293,320,141
1857,180,94,358,204,99,306,99,162,301,308,137
1858,155,101,294,216,105,306,87,162,295,319,132
1859,138,133,265,229,105,306,103,162,277,318,108
1860,125,156,243,222,101,306,103,162,291,342,101
1861,138,167,234,178,108,306,103,116,306,402,122
1862,138,176,234,125,166,306,103,110,265,167,145
1863,138,161,458,125,176,306,113,116,281,87,143
1864,138,150,513,125,168,306,141,103,150,78,129
1865,94,146,513,125,153,267,150,105,171,107,99
1866,94,128,467,62,143,267,148,115,137,111,100
1867,130,101,408,103,143,267,148,128,171,122,89
1868,148,106,408,143,135,267,148,138,130,115,104
1869,148,106,372,141,123,267,148,173,136,123,97
1870,148,106,346,141,92,267,79,189,164,128,102
1871,148,106,346,141,94,267,92,191,209,100,116
1872,106,115,184,141,77,267,92,195,167,143,83
1873,99,121,10,82,94,267,92,197,120,158,223
1874,103,106,10,62,121,267,64,174,120,167,53
1875,110,89,250,67,125,267,97,155,97,207,86
1876,110,92,176,89,120,175,131,143,106,226,29
1877,111,106,210,92,110,191,146,128,111,249,23
1878,108,130,210,108,115,204,161,135,118,260,21
1879,143,157,334,108,108,233,180,118,130,201,18
1880,160,162,334,115,110,269,178,108,121,197,82
1881,184,161,177,131,131,265,176,108,128,208,111
1882,196,163,128,158,126,263,184,99,108,221,26
1883,193,163,163,167,135,247,165,87,75,191,25
1884,172,172,139,171,151,247,126,113,40,44,39
1885,156,181,139,155,146,247,123,146,57,75,76
1886,151,175,163,151,145,224,103,148,62,63,100
1887,151,175,123,143,154,230,79,156,81,71,80
1888,133,175,124,133,151,257,99,170,100,115,81
1889,110,175,157,106,151,290,89,171,91,157,85
1890,111,175,157,106,151,283,103,173,102,182,80
1891,111,175,111,133,151,346,64,168,92,203,92
1892,136,175,106,153,151,346,36,169,107,226,84
1893,143,175,66,153,151,346,59,173,115,239,83
1894,121,148,54,143,151,325,99,177,116,253,78
1895,108,136,69,126,151,312,131,184,113,222,89
1896,121,136,42,131,111,308,140,182,103,222,96
1897,121,150,42,94,105,288,150,182,98,222,113
1898,121,157,42,105,105,308,157,182,107,215,122
1899,153,157,29,131,105,276,155,182,88,154,124
1900,154,157,32,141,140,233,163,182,85,44,94
1901,158,157,42,165,140,209,163,182,86,24,94
1902,156,157,10,164,140,197,157,182,87,30,91
1903,162,121,10,163,140,172,160,146,71,28,73
1904,165,145,45,168,140,157,169,146,88,28,78
1905,167,145,159,183,110,144,172,153,93,35,79
1906,175,165,159,184,131,122,172,162,155,32,72
1907,180,269,159,177,131,80,172,168,120,28,62
1908,180,271,159,165,135,70,172,168,121,32,80
1909,180,227,159,165,145,65,172,168,132,32,50
1910,180,226,210,165,195,74,172,168,135,28,45
1911,180,231,237,165,195,59,172,168,138,34,53
1912,180,231,259,165,195,89,172,152,121,27,46
1913,180,231,215,145,203,152,97,148,141,32,45
1914,151,205,259,145,203,152,105,148,145,37,58
1915,150,182,311,145,203,152,128,222,162,30,66
1916,151,182,266,145,206,152,156,291,180,44,89
1917,161,182,244,145,190,152,164,250,142,51,71
1918,161,182,203,145,190,152,164,240,148,75,80
1919,161,182,211,145,190,152,164,229,115,82,87
1920,161,182,267,145,190,152,164,211,120,80,96
1921,161,113,266,145,190,152,164,211,65,85,98
1922,161,113,263,145,190,152,101,211,50,92,110
1923,155,113,262,145,72,152,99,181,38,87,114
1924,151,113,224,145,72,152,99,182,25,78,110
1925,151,113,266,145,72,152,155,182,34,81,130
1926,158,143,226,145,72,152,168,182,32,76,129
1927,194,150,226,145,72,59,176,182,20,60,115
1928,280,128,226,145,158,76,180,182,56,45,121
1929,280,128,240,145,148,74,167,182,162,50,134
1930,225,170,325,145,153,132,175,113,197,45,184
1931,197,177,368,145,153,132,175,113,211,40,222
1932,197,177,397,145,155,155,175,113,211,42,158
1933,197,177,397,145,165,164,175,113,192,35,158
1934,214,177,436,145,165,167,170,113,172,37,153
1935,185,182,436,145,165,129,170,141,180,21,145
1936,185,191,405,120,165,164,170,152,168,24,145
1937,185,202,415,120,195,179,170,160,136,21,132
1938,185,219,429,120,202,193,170,160,172,25,130
1939,185,239,445,120,201,223,170,177,146,17,95
1940,185,246,445,120,201,229,57,177,174,21,111
1941,113,222,460,138,221,228,57,192,210,34,113
1942,113,219,492,154,227,227,57,192,227,55,107
1943,113,210,454,154,229,209,57,192,216,63,95
1944,113,210,454,154,224,196,57,188,197,63,95
1945,113,218,379,177,221,198,125,193,214,85,108
1946,154,221,84,177,224,198,131,205,234,138,127
1947,162,213,69,189,229,214,148,205,261,180,183
1948,151,211,45,189,243,172,148,233,261,210,224
1949,151,198,39,189,238,162,163,229,267,217,225
1950,190,198,10,183,235,162,163,245,305,181,213
1951,190,202,10,197,218,155,177,210,333,157,193
1952,191,223,10,209,195,151,177,194,340,192,190
1953,191,242,10,229,205,177,177,193,343,210,162
1954,191,250,10,244,210,175,218,208,358,228,137
1955,222,260,35,242,217,175,209,215,383,226,145
1956,223,260,35,226,217,206,195,206,401,253,143
1957,231,282,39,222,226,298,198,214,409,286,171
1958,228,279,39,204,237,297,199,214,372,306,183
1959,236,263,10,204,235,299,213,216,366,299,221
1960,240,200,42,204,259,279,212,214,352,278,227
1961,260,176,154,225,272,305,209,223,408,206,239
1962,258,164,116,225,233,399,193,240,431,131,265
1963,241,175,116,207,176,437,193,276,405,45,284
1964,241,173,91,199,160,449,196,274,378,103,290
1965,245,186,84,206,167,443,187,252,366,150,246
1966,244,196,42,217,171,426,176,227,347,118,200
1967,248,314,45,227,175,455,173,201,348,125,106
1968,260,314,86,245,187,476,161,183,334,138,57
1969,248,340,35,256,218,462,166,170,362,154,44
1970,234,340,23,272,300,426,169,169,368,182,6
1971,246,340,29,265,321,402,178,175,326,221,33
1972,277,340,19,266,321,368,219,172,343,215,44
1973,284,179,79,281,321,357,245,177,353,207,9
1974,280,157,96,274,321,458,261,188,323,203,14
1975,275,165,114,200,178,500,255,209,314,168,30
1976,281,158,119,172,153,477,255,304,292,168,23
1977,294,193,146,164,162,429,255,325,292,178,35
1978,302,284,146,172,173,422,125,325,292,219,35
1979,257,261,121,178,212,421,156,325,291,274,63
1980,200,167,121,193,258,390,161,325,327,237,148
1981,200,99,126,215,299,338,175,325,364,221,184
1982,181,99,121,334,254,354,155,239,341,198,169
1983,187,97,121,374,133,314,175,267,338,187,161
1984,184,97,111,374,106,359,180,305,336,110,136
1985,194,120,111,374,97,226,192,234,323,58,122
1986,211,115,148,374,97,271,218,249,327,80,126
1987,244,140,141,374,101,276,218,326,325,71,126
1988,310,162,154,374,108,275,263,326,307,83,130
1989,310,170,158,154,158,289,263,267,343,75,111
1990,310,173,139,168,160,278,263,161,312,112,111
1991,310,183,109,158,160,266,263,110,305,112,116
1992,310,190,204,202,162,308,318,123,284,113,111
1993,310,212,204,262,170,311,258,123,278,127,117
1994,202,320,204,248,164,310,267,155,270,127,119
1995,200,398,176,158,161,308,280,164,235,135,126
1996,214,444,182,106,171,261,278,171,253,154,155
1997,272,371,187,84,293,236,301,202,253,128,153
1998,296,361,187,74,326,182,285,206,232,135,164
1999,332,350,191,74,365,152,281,214,242,135,163
2000,307,351,214,120,335,93,220,223,282,170,170
2001,173,326,214,138,342,99,171,231,270,171,187
2002,136,328,211,130,342,122,116,290,254,209,200
2003,118,314,213,157,328,129,116,351,275,204,202
2004,118,320,221,167,357,112,126,332,290,137,215
2005,131,328,218,170,351,112,150,405,289,117,224
2006,155,315,194,175,322,134,164,385,283,115,226
2007,173,376,188,207,330,129,181,393,301,151,207
2008,189,450,188,264,331,235,181,395,302,145,195
2009,194,508,227,332,313,235,185,384,347,142,204
2010,201,509,227,412,371,171,160,346,266,171,233
2011,184,501,254,428,446,168,145,324,391,172,274
2012,184,520,184,374,485,158,136,320,397,142,297
2013,171,506,161,358,497,184,154,320,386,120,283
2014,162,484,148,349,497,178,224,270,390,105,284
2015,307,405,121,342,498,172,305,374,355,77,307
2016,344,82,108,320,508,174,351,417,470,77,329
2017,378,72,105,324,381,174,366,450,500,75,331
2018,348,87,106,314,87,182,365,520,477,75,271
2019,372,113,101,336,57,188,374,520,469,70,302
2020,386,148,101,337,62,233,384,520,453,70,187
2021,414,148,106,329,72,233,363,520,471,66,98
2022,378,141,111,402,146,246,334,520,472,45,71
2023,349,140,116,462,146,242,321,520,464,35,72
2024,352,130,116,506,141,217,284,520,460,10,77
2025,384,135,106,509,148,191,345,520,456,17,65
2026,394,145,108,509,151,198,371,520,444,14,65
2027,384,152,146,525,151,198,398,520,451,11,75
2028,434,168,161,504,155,220,392,520,482,14,87
2029,474,174,161,462,155,221,422,520,500,22,90
2030,511,180,155,401,159,221,429,520,500,15,91
2031,505,187,155,106,189,241,436,520,500,28,89
2032,502,198,163,108,196,241,491,520,500,22,91
2033,538,210,167,106,203,275,505,520,500,4,101
2034,503,196,173,106,212,298,476,520,500,14,110
2035,402,193,173,116,218,327,116,160,500,20,121
2036,130,193,173,152,211,343,46,174,500,18,139
2037,77,196,160,151,212,326,57,177,500,4,153
2038,77,201,157,154,199,308,101,177,460,27,151
2039,106,210,160,154,197,301,92,177,460,55,138
2040,118,219,154,143,200,311,115,180,118,55,163
2041,123,234,169,152,212,340,140,180,118,55,171
2042,141,238,160,160,212,297,136,180,88,44,154
2043,150,227,163,171,220,321,153,192,105,37,149
2044,161,218,166,175,227,321,160,195,110,38,130
2045,161,223,176,180,229,321,155,195,209,47,97
2046,164,233,166,187,237,314,161,216,63,52,94
2047,164,245,166,195,239,314,168,216,10,51,77
